0.000,-0.575,0.000,231.50000,0.64398,0.35602,1.00000,1.00000,0.00000,0.35602,1890,929,2781,2318,0,0,0,0,1
0.025,0.975,0.000,226.50000,0.64221,0.35658,0.99929,0.99686,0.00071,0.35779,1888,929,2768,2315,2,0,13,3,1
0.025,1.000,0.000,226.00000,0.64221,0.35655,0.99894,0.99667,0.00106,0.35779,1887,929,2767,2315,3,0,14,3,1
0.050,-1.000,0.000,240.50000,0.63892,0.35769,0.99858,0.99137,0.00142,0.36108,1886,929,2768,2287,4,0,13,31,1
0.050,-0.975,0.000,239.00000,0.63905,0.35764,0.99858,0.99157,0.00142,0.36095,1886,929,2767,2289,4,0,14,29,1
0.050,-0.950,0.000,239.00000,0.63905,0.35764,0.99858,0.99157,0.00142,0.36095,1886,929,2767,2289,4,0,14,29,1
0.050,-0.925,0.000,238.00000,0.63930,0.35755,0.99858,0.99196,0.00142,0.36070,1886,929,2767,2291,4,0,14,27,1
0.050,-0.850,0.000,237.00000,0.63993,0.35736,0.99894,0.99314,0.00106,0.36007,1887,929,2769,2295,3,0,12,23,1
0.050,0.975,0.000,220.00000,0.64069,0.35702,0.99823,0.99392,0.00177,0.35931,1885,929,2754,2314,5,0,27,4,1
0.050,1.000,0.000,220.00000,0.64069,0.35702,0.99823,0.99392,0.00177,0.35931,1885,929,2754,2314,5,0,27,4,1
0.075,-1.000,0.000,275.00000,0.62326,0.36274,0.99184,0.96333,0.00816,0.37674,1884,912,2731,2181,6,17,50,137,1
0.075,-0.925,0.000,268.00000,0.62566,0.36188,0.99220,0.96725,0.00780,0.37434,1884,913,2734,2198,6,16,47,120,1
0.075,-0.850,0.000,262.00000,0.62832,0.36101,0.99326,0.97196,0.00674,0.37168,1884,916,2740,2216,6,13,41,102,1
0.075,-0.750,0.000,256.00000,0.63046,0.36026,0.99361,0.97549,0.00639,0.36954,1884,917,2743,2231,6,12,38,87,1
0.075,-0.675,0.000,251.00000,0.63261,0.35951,0.99397,0.97902,0.00603,0.36739,1884,918,2747,2245,6,11,34,73,1
0.075,-0.625,0.000,250.50000,0.63311,0.35943,0.99503,0.98039,0.00497,0.36689,1884,921,2750,2249,6,8,31,69,1
0.075,-0.600,0.000,250.00000,0.63375,0.35920,0.99503,0.98137,0.00497,0.36625,1884,921,2752,2252,6,8,29,66,1
0.075,-0.575,0.000,250.00000,0.63375,0.35920,0.99503,0.98137,0.00497,0.36625,1884,921,2752,2252,6,8,29,66,1
0.075,-0.550,0.000,249.50000,0.63375,0.35924,0.99539,0.98157,0.00461,0.36625,1885,921,2752,2253,5,8,29,65,1
0.075,-0.500,0.000,247.50000,0.63501,0.35878,0.99539,0.98353,0.00461,0.36499,1885,921,2755,2260,5,8,26,58,1
0.075,-0.450,0.000,245.50000,0.63564,0.35858,0.99574,0.98470,0.00426,0.36436,1885,922,2756,2265,5,7,25,53,1
0.075,-0.425,0.000,244.50000,0.63577,0.35857,0.99610,0.98510,0.00390,0.36423,1886,922,2756,2267,4,7,25,51,1
0.075,-0.375,0.000,241.50000,0.63627,0.35846,0.99681,0.98627,0.00319,0.36373,1886,924,2756,2273,4,5,25,45,1
0.075,-0.325,0.000,239.50000,0.63690,0.35827,0.99716,0.98745,0.00284,0.36310,1886,925,2757,2278,4,4,24,40,1
0.075,-0.275,0.000,238.50000,0.63728,0.35817,0.99752,0.98823,0.00248,0.36272,1886,926,2758,2281,4,3,23,37,1
0.075,0.975,0.000,222.50000,0.63855,0.35772,0.99752,0.99019,0.00248,0.36145,1883,929,2747,2302,7,0,34,16,1
0.075,1.000,0.000,221.00000,0.63855,0.35768,0.99716,0.99000,0.00284,0.36145,1883,928,2745,2303,7,1,36,15,1
0.100,-1.000,0.000,317.50000,0.59788,0.37129,0.97978,0.91724,0.02022,0.40212,1875,887,2656,2021,15,42,125,297,1
0.100,-0.975,0.000,315.00000,0.59876,0.37094,0.97978,0.91861,0.02022,0.40124,1875,887,2657,2027,15,42,124,291,1
0.100,-0.850,0.000,311.50000,0.60242,0.36971,0.98191,0.92548,0.01809,0.39758,1877,891,2671,2048,13,38,110,270,1
0.100,-0.750,0.000,305.00000,0.60609,0.36849,0.98404,0.93234,0.01596,0.39391,1878,896,2682,2072,12,33,99,246,1
0.100,-0.725,0.000,301.00000,0.60685,0.36834,0.98546,0.93430,0.01454,0.39315,1879,899,2683,2081,11,30,98,237,1
0.100,-0.700,0.000,298.50000,0.60786,0.36805,0.98652,0.93646,0.01348,0.39214,1880,901,2686,2089,10,28,95,229,1
0.100,-0.675,0.000,297.50000,0.60836,0.36786,0.98652,0.93724,0.01348,0.39164,1880,901,2687,2092,10,28,94,226,1
0.100,-0.600,0.000,291.00000,0.61240,0.36634,0.98687,0.94371,0.01313,0.38760,1880,902,2697,2115,10,27,84,203,1
0.100,-0.575,0.000,288.50000,0.61341,0.36599,0.98723,0.94548,0.01277,0.38659,1880,903,2699,2122,10,26,82,196,1
0.100,-0.525,0.000,285.50000,0.61468,0.36579,0.99007,0.94901,0.00993,0.38532,1881,910,2705,2134,9,19,76,184,1
0.100,-0.500,0.000,282.00000,0.61606,0.36527,0.99007,0.95117,0.00993,0.38394,1881,910,2707,2143,9,19,74,175,1
0.100,-0.350,0.000,270.00000,0.62162,0.36332,0.99149,0.96058,0.00851,0.37838,1884,911,2719,2179,6,18,62,139,1
0.100,-0.250,0.000,263.50000,0.62453,0.36231,0.99220,0.96548,0.00780,0.37547,1884,913,2725,2198,6,16,56,120,1
0.100,-0.175,0.000,257.50000,0.62617,0.36180,0.99326,0.96862,0.00674,0.37383,1884,916,2727,2212,6,13,54,106,1
0.100,-0.150,0.000,253.50000,0.62756,0.36133,0.99361,0.97097,0.00639,0.37244,1884,917,2729,2222,6,12,52,96,1
0.100,-0.100,0.000,251.50000,0.62882,0.36093,0.99432,0.97333,0.00568,0.37118,1884,919,2733,2230,6,10,48,88,1
0.100,-0.075,0.000,250.50000,0.62907,0.36084,0.99432,0.97372,0.00568,0.37093,1884,919,2733,2232,6,10,48,86,1
0.100,0.025,0.000,245.50000,0.63210,0.35973,0.99432,0.97843,0.00568,0.36790,1883,920,2740,2249,7,9,41,69,1
0.100,0.100,0.000,242.50000,0.63349,0.35933,0.99539,0.98117,0.00461,0.36651,1885,921,2744,2259,5,8,37,59,1
0.100,0.125,0.000,241.50000,0.63362,0.35932,0.99574,0.98157,0.00426,0.36638,1885,922,2744,2261,5,7,37,57,1
0.100,0.300,0.000,231.50000,0.63514,0.35884,0.99645,0.98431,0.00355,0.36486,1885,924,2741,2278,5,5,40,40,1
0.100,0.975,0.000,218.00000,0.63589,0.35838,0.99468,0.98451,0.00532,0.36411,1878,926,2728,2292,12,3,53,26,1
0.100,1.000,0.000,218.50000,0.63564,0.35851,0.99503,0.98431,0.00497,0.36436,1878,927,2728,2291,12,2,53,27,1
0.125,-1.000,0.000,362.50000,0.56706,0.38251,0.96488,0.86115,0.03512,0.43294,1863,857,2558,1833,27,72,223,485,1
0.125,-0.825,0.000,348.00000,0.57388,0.37999,0.96878,0.87390,0.03122,0.42612,1866,865,2576,1880,24,64,205,438,1
0.125,-0.800,0.000,346.00000,0.57489,0.37964,0.96949,0.87586,0.03051,0.42511,1867,866,2579,1887,23,63,202,431,1
0.125,-0.675,0.000,341.50000,0.57944,0.37785,0.97056,0.88351,0.02944,0.42056,1868,868,2594,1911,22,61,187,407,1
0.125,-0.650,0.000,339.00000,0.58121,0.37722,0.97162,0.88684,0.02838,0.41879,1870,869,2600,1922,20,60,181,396,1
0.125,-0.525,0.000,331.50000,0.58676,0.37532,0.97552,0.89763,0.02448,0.41324,1873,877,2620,1957,17,52,161,361,1
0.125,-0.500,0.000,329.50000,0.58727,0.37519,0.97623,0.89880,0.02377,0.41273,1874,878,2621,1962,16,51,160,356,1
0.125,-0.400,0.000,319.50000,0.59093,0.37381,0.97730,0.90508,0.02270,0.40907,1875,880,2627,1988,15,49,154,330,1
0.125,-0.250,0.000,308.00000,0.59649,0.37191,0.98049,0.91547,0.01951,0.40351,1876,888,2642,2026,14,41,139,292,1
0.125,-0.200,0.000,303.00000,0.59939,0.37086,0.98155,0.92057,0.01845,0.40061,1877,890,2650,2044,13,39,131,274,1
0.125,-0.025,0.000,292.00000,0.60508,0.36895,0.98475,0.93116,0.01525,0.39492,1879,897,2666,2082,11,32,115,236,1
0.125,0.000,0.000,286.00000,0.60659,0.36850,0.98617,0.93430,0.01383,0.39341,1881,899,2668,2096,9,30,113,222,1
0.125,0.025,0.000,282.50000,0.60798,0.36804,0.98687,0.93685,0.01313,0.39202,1881,901,2671,2106,9,28,110,212,1
0.125,0.200,0.000,261.00000,0.61745,0.36478,0.99042,0.95352,0.00958,0.38255,1883,909,2692,2170,7,20,89,148,1
0.125,0.225,0.000,257.50000,0.61922,0.36408,0.99007,0.95607,0.00993,0.38078,1882,909,2695,2180,8,20,86,138,1
0.125,0.300,0.000,251.00000,0.62251,0.36302,0.99184,0.96215,0.00816,0.37749,1882,914,2704,2202,8,15,77,116,1
0.125,0.375,0.000,245.50000,0.62503,0.36212,0.99220,0.96627,0.00780,0.37497,1881,916,2709,2218,9,13,72,100,1
0.125,0.425,0.000,240.00000,0.62743,0.36116,0.99149,0.96960,0.00851,0.37257,1879,916,2712,2232,11,13,69,86,1
0.125,0.525,0.000,235.50000,0.62983,0.36042,0.99291,0.97411,0.00709,0.37017,1881,918,2719,2248,9,11,62,70,1
0.125,0.600,0.000,231.00000,0.63135,0.35990,0.99326,0.97666,0.00674,0.36865,1881,919,2721,2259,9,10,60,59,1
0.125,0.675,0.000,221.00000,0.63274,0.35943,0.99361,0.97902,0.00639,0.36726,1881,920,2717,2275,9,9,64,43,1
0.125,0.725,0.000,220.00000,0.63299,0.35933,0.99361,0.97941,0.00639,0.36701,1880,921,2717,2277,10,8,64,41,1
0.125,1.000,0.000,215.00000,0.63362,0.35892,0.99184,0.97941,0.00816,0.36638,1876,920,2712,2282,14,9,69,36,1
0.150,-1.000,0.000,396.50000,0.53423,0.39519,0.94360,0.79839,0.05640,0.46577,1845,815,2432,1639,45,114,349,679,1
0.150,-0.975,0.000,394.00000,0.53536,0.39466,0.94360,0.80016,0.05640,0.46464,1845,815,2434,1646,45,114,347,672,1
0.150,-0.875,0.000,386.00000,0.54004,0.39273,0.94608,0.80879,0.05392,0.45996,1848,819,2448,1676,42,110,333,642,1
0.150,-0.775,0.000,383.50000,0.54168,0.39217,0.94821,0.81251,0.05179,0.45832,1848,825,2455,1688,42,104,326,630,1
0.150,-0.750,0.000,381.50000,0.54281,0.39181,0.94998,0.81526,0.05002,0.45719,1849,829,2460,1697,41,100,321,621,1
0.150,-0.550,0.000,368.00000,0.55128,0.38839,0.95424,0.83075,0.04576,0.44872,1852,838,2486,1750,38,91,295,568,1
0.150,-0.475,0.000,363.00000,0.55456,0.38707,0.95566,0.83663,0.04434,0.44544,1854,840,2496,1770,36,89,285,548,1
0.150,-0.375,0.000,358.00000,0.55885,0.38545,0.95850,0.84487,0.04150,0.44115,1854,848,2512,1796,36,81,269,522,1
0.150,-0.350,0.000,354.00000,0.56024,0.38488,0.95885,0.84722,0.04115,0.43976,1855,848,2514,1806,35,81,267,512,1
0.150,-0.175,0.000,343.00000,0.56858,0.38183,0.96453,0.86331,0.03547,0.43142,1862,857,2544,1858,28,72,237,460,1
0.150,-0.100,0.000,338.50000,0.57186,0.38054,0.96559,0.86899,0.03441,0.42814,1864,858,2554,1877,26,71,227,441,1
0.150,-0.050,0.000,328.50000,0.57502,0.37932,0.96665,0.87449,0.03335,0.42498,1864,861,2558,1901,26,68,223,417,1
0.150,0.075,0.000,320.50000,0.58133,0.37724,0.97233,0.88743,0.02767,0.41867,1865,876,2583,1942,25,53,198,376,1
0.150,0.150,0.000,314.50000,0.58487,0.37592,0.97375,0.89370,0.02625,0.41513,1869,876,2593,1964,21,53,188,354,1
0.150,0.175,0.000,311.50000,0.58601,0.37556,0.97481,0.89606,0.02519,0.41399,1870,878,2596,1973,20,51,185,345,1
0.150,0.250,0.000,303.00000,0.58929,0.37447,0.97730,0.90253,0.02270,0.41071,1871,884,2604,1998,19,45,177,320,1
0.150,0.275,0.000,297.50000,0.59093,0.37388,0.97801,0.90547,0.02199,0.40907,1871,886,2606,2011,19,43,175,307,1
0.150,0.375,0.000,288.50000,0.59560,0.37212,0.97907,0.91332,0.02093,0.40440,1871,889,2617,2040,19,40,164,278,1
0.150,0.425,0.000,281.00000,0.59826,0.37121,0.98049,0.91822,0.01951,0.40174,1871,893,2622,2060,19,36,159,258,1
0.150,0.500,0.000,274.00000,0.60192,0.36987,0.98155,0.92449,0.01845,0.39808,1871,896,2631,2083,19,33,150,235,1
0.150,0.550,0.000,267.50000,0.60457,0.36904,0.98368,0.92979,0.01632,0.39543,1874,899,2638,2103,16,30,143,215,1
0.150,0.600,0.000,256.50000,0.60874,0.36761,0.98546,0.93724,0.01454,0.39126,1874,904,2646,2133,16,25,135,185,1
0.150,0.650,0.000,249.00000,0.61278,0.36616,0.98652,0.94411,0.01348,0.38722,1873,908,2656,2158,17,21,125,160,1
0.150,0.725,0.000,241.00000,0.61708,0.36460,0.98723,0.95117,0.01277,0.38292,1873,910,2666,2184,17,19,115,134,1
0.150,0.775,0.000,231.00000,0.61985,0.36370,0.98865,0.95627,0.01135,0.38015,1873,914,2669,2207,17,15,112,111,1
0.150,0.850,0.000,221.00000,0.62326,0.36253,0.98971,0.96215,0.01029,0.37674,1874,916,2674,2232,16,13,107,86,1
0.150,0.900,0.000,215.50000,0.62516,0.36182,0.98971,0.96509,0.01029,0.37484,1872,918,2676,2245,18,11,105,73,1
0.150,0.975,0.000,207.00000,0.62655,0.36131,0.98971,0.96725,0.01029,0.37345,1872,918,2673,2259,18,11,108,59,1
0.150,1.000,0.000,204.00000,0.62705,0.36112,0.98971,0.96803,0.01029,0.37295,1871,919,2672,2264,19,10,109,54,1
0.175,-1.000,0.000,419.00000,0.50493,0.40709,0.91628,0.73779,0.08372,0.49507,1812,771,2300,1462,78,158,481,856,1
0.175,-0.975,0.000,417.00000,0.50543,0.40684,0.91628,0.73858,0.08372,0.49457,1812,771,2300,1466,78,158,481,852,1
0.175,-0.900,0.000,413.00000,0.50657,0.40641,0.91806,0.74132,0.08194,0.49343,1814,774,2303,1477,76,155,478,841,1
0.175,-0.875,0.000,411.50000,0.50733,0.40605,0.91841,0.74269,0.08159,0.49267,1814,775,2305,1482,76,154,476,836,1
0.175,-0.600,0.000,406.00000,0.51414,0.40363,0.93012,0.75976,0.06988,0.48586,1827,795,2343,1531,63,134,438,787,1
0.175,-0.575,0.000,404.50000,0.51553,0.40295,0.93012,0.76191,0.06988,0.48447,1825,797,2347,1538,65,132,434,780,1
0.175,-0.475,0.000,402.00000,0.51806,0.40193,0.93260,0.76721,0.06740,0.48194,1828,801,2358,1554,62,128,423,764,1
0.175,-0.350,0.000,398.00000,0.52122,0.40073,0.93650,0.77427,0.06350,0.47878,1833,807,2372,1576,57,122,409,742,1
0.175,-0.275,0.000,391.50000,0.52513,0.39891,0.93721,0.78074,0.06279,0.47487,1835,807,2382,1599,55,122,399,719,1
0.175,-0.100,0.000,384.00000,0.53044,0.39699,0.94395,0.79270,0.05605,0.46956,1839,822,2405,1637,51,107,376,681,1
0.175,-0.050,0.000,376.00000,0.53397,0.39546,0.94537,0.79898,0.05463,0.46603,1840,825,2413,1661,50,104,368,657,1
0.175,-0.025,0.000,373.00000,0.53524,0.39494,0.94608,0.80133,0.05392,0.46476,1841,826,2416,1670,49,103,365,648,1
0.175,0.025,0.000,370.00000,0.53738,0.39404,0.94714,0.80526,0.05286,0.46262,1842,828,2423,1683,48,101,358,635,1
0.175,0.125,0.000,363.50000,0.54243,0.39201,0.95034,0.81487,0.04966,0.45757,1845,834,2441,1714,45,95,340,604,1
0.175,0.275,0.000,349.00000,0.55128,0.38826,0.95282,0.82997,0.04718,0.44872,1845,841,2465,1767,45,88,316,551,1
0.175,0.400,0.000,335.50000,0.55822,0.38566,0.95779,0.84350,0.04221,0.44178,1850,850,2486,1815,40,79,295,503,1
0.175,0.450,0.000,331.50000,0.56100,0.38452,0.95850,0.84821,0.04150,0.43900,1850,852,2494,1831,40,77,287,487,1
0.175,0.525,0.000,319.00000,0.56694,0.38236,0.96275,0.85978,0.03725,0.43306,1852,862,2511,1873,38,67,270,445,1
0.175,0.575,0.000,312.00000,0.56934,0.38151,0.96453,0.86448,0.03547,0.43066,1853,866,2516,1892,37,63,265,426,1
0.175,0.650,0.000,302.00000,0.57338,0.38007,0.96736,0.87233,0.03264,0.42662,1855,872,2526,1922,35,57,255,396,1
0.175,0.825,0.000,272.50000,0.58601,0.37543,0.97339,0.89527,0.02661,0.41399,1860,884,2555,2010,30,45,226,308,1
0.175,0.900,0.000,257.00000,0.59144,0.37351,0.97623,0.90528,0.02377,0.40856,1861,891,2565,2051,29,38,216,267,1
0.175,0.950,0.000,253.00000,0.59548,0.37210,0.97836,0.91273,0.02164,0.40452,1862,896,2580,2074,28,33,201,244,1
0.175,1.000,0.000,234.50000,0.60154,0.36967,0.97801,0.92195,0.02199,0.39846,1855,902,2585,2116,35,27,196,202,1
0.200,-1.000,0.000,422.00000,0.47600,0.42091,0.89677,0.68209,0.10323,0.52400,1787,741,2161,1317,103,188,620,1001,1
0.200,-0.975,0.000,421.50000,0.47664,0.42056,0.89677,0.68308,0.10323,0.52336,1787,741,2163,1320,103,188,618,998,1
0.200,-0.725,0.000,418.50000,0.48106,0.41842,0.90067,0.69210,0.09933,0.51894,1791,748,2183,1346,99,181,598,972,1
0.200,-0.700,0.000,417.50000,0.48169,0.41811,0.90103,0.69327,0.09897,0.51831,1792,748,2185,1350,98,181,596,968,1
0.200,-0.525,0.000,413.50000,0.48560,0.41618,0.90351,0.70073,0.09649,0.51440,1796,751,2200,1373,94,178,581,945,1
0.200,-0.500,0.000,411.50000,0.48623,0.41586,0.90387,0.70190,0.09613,0.51377,1797,751,2201,1378,93,178,580,940,1
0.200,-0.250,0.000,405.00000,0.49103,0.41361,0.90777,0.71151,0.09223,0.50897,1800,759,2219,1409,90,170,562,909,1
0.200,-0.125,0.000,401.50000,0.49318,0.41287,0.91274,0.71759,0.08726,0.50682,1804,769,2231,1428,86,160,550,890,1
0.200,-0.100,0.000,400.50000,0.49343,0.41279,0.91344,0.71838,0.08656,0.50657,1804,771,2232,1431,86,158,549,887,1
0.200,-0.050,0.000,398.50000,0.49419,0.41245,0.91415,0.71995,0.08585,0.50581,1804,773,2234,1437,86,156,547,881,1
0.200,0.050,0.000,392.50000,0.49672,0.41131,0.91628,0.72504,0.08372,0.50328,1807,776,2241,1456,83,153,540,862,1
0.200,0.125,0.000,389.00000,0.49785,0.41089,0.91841,0.72799,0.08159,0.50215,1810,779,2245,1467,80,150,536,851,1
0.200,0.325,0.000,378.00000,0.50328,0.40848,0.92302,0.73897,0.07698,0.49672,1812,790,2262,1506,78,139,519,812,1
0.200,0.350,0.000,376.50000,0.50392,0.40821,0.92373,0.74034,0.07627,0.49608,1812,792,2264,1511,78,137,517,807,1
0.200,0.375,0.000,374.50000,0.50480,0.40785,0.92480,0.74230,0.07520,0.49520,1814,793,2267,1518,76,136,514,800,1
0.200,0.500,0.000,370.50000,0.50871,0.40597,0.92586,0.74897,0.07414,0.49129,1809,801,2280,1539,81,128,501,779,1
0.200,0.525,0.000,364.50000,0.50947,0.40565,0.92657,0.75054,0.07343,0.49053,1810,802,2278,1549,80,127,503,769,1
0.200,0.600,0.000,359.00000,0.51301,0.40410,0.92905,0.75740,0.07095,0.48699,1813,806,2290,1572,77,123,491,746,1
0.200,0.650,0.000,346.00000,0.51692,0.40227,0.93012,0.76407,0.06988,0.48308,1813,809,2294,1602,77,120,487,716,1
0.200,0.700,0.000,342.00000,0.51894,0.40153,0.93295,0.76878,0.06705,0.48106,1814,816,2302,1618,76,113,479,700,1
0.200,0.725,0.000,337.50000,0.52021,0.40101,0.93402,0.77133,0.06598,0.47979,1815,818,2304,1629,75,111,477,689,1
0.200,0.750,0.000,334.50000,0.52109,0.40061,0.93437,0.77290,0.06563,0.47891,1815,819,2305,1636,75,110,476,682,1
0.200,0.925,0.000,294.50000,0.54092,0.39156,0.93757,0.80545,0.06243,0.45908,1811,832,2348,1759,79,97,433,559,1
0.200,1.000,0.000,284.50000,0.54584,0.38940,0.93863,0.81369,0.06137,0.45416,1801,845,2359,1790,89,84,422,528,1
0.225,1.000,0.000,309.00000,0.44001,0.43975,0.86094,0.60639,0.13906,0.55999,1693,734,1855,1237,197,195,926,1081,1
0.250,1.000,0.000,297.50000,0.37282,0.48450,0.73714,0.43361,0.26286,0.62718,1482,596,1403,808,408,333,1378,1510,1
0.275,0.975,0.000,276.50000,0.34213,0.51566,0.64243,0.33359,0.35757,0.65787,1329,482,1127,574,561,447,1654,1744,1
0.275,1.000,0.000,267.50000,0.34352,0.51440,0.62717,0.32732,0.37283,0.65648,1298,470,1102,567,592,459,1679,1751,1
0.300,1.000,0.000,228.00000,0.32268,0.54889,0.52572,0.23887,0.47428,0.67732,1097,385,837,381,793,544,1944,1937,1
0.325,0.925,0.000,209.50000,0.30993,0.57723,0.48386,0.19592,0.51614,0.69007,1034,330,709,290,856,599,2072,2028,1
0.325,1.000,0.000,175.00000,0.31081,0.58995,0.41646,0.16003,0.58354,0.68919,885,289,583,233,1005,640,2198,2085,1
0.350,0.825,0.000,198.50000,0.30260,0.59860,0.45548,0.16886,0.54452,0.69740,992,292,629,232,898,637,2152,2086,1
0.350,0.875,0.000,182.50000,0.30374,0.60648,0.41823,0.15003,0.58177,0.69626,905,274,565,200,985,655,2216,2118,1
0.350,0.975,0.000,153.00000,0.31031,0.61647,0.33984,0.11689,0.66016,0.68969,744,214,451,145,1146,715,2330,2173,1
0.350,1.000,0.000,146.50000,0.31157,0.61908,0.32458,0.11041,0.67542,0.68843,708,207,428,135,1182,722,2353,2183,1
0.375,0.675,0.000,200.00000,0.29970,0.60589,0.45264,0.16278,0.54736,0.70030,1002,274,615,215,888,655,2166,2103,1
0.375,0.750,0.000,179.00000,0.30159,0.61469,0.40972,0.14199,0.59028,0.69841,912,243,541,183,978,686,2240,2135,1
0.375,0.775,0.000,171.50000,0.30197,0.61929,0.39411,0.13395,0.60589,0.69803,878,233,513,170,1012,696,2268,2148,1
0.375,0.800,0.000,166.00000,0.30248,0.62383,0.37886,0.12630,0.62114,0.69752,844,224,488,156,1046,705,2293,2162,1
0.375,0.825,0.000,158.00000,0.30336,0.62799,0.36289,0.11885,0.63711,0.69664,812,211,461,145,1078,718,2320,2173,1
0.375,0.900,0.000,139.00000,0.31018,0.62937,0.31323,0.10198,0.68677,0.68982,703,180,399,121,1187,749,2382,2197,1
0.375,0.950,0.000,126.50000,0.31258,0.63804,0.28201,0.08845,0.71799,0.68742,636,159,352,99,1254,770,2429,2219,1
0.375,0.975,0.000,115.50000,0.31536,0.63832,0.26357,0.08257,0.73643,0.68464,593,150,326,95,1297,779,2455,2223,1
0.375,1.000,0.000,104.00000,0.31915,0.63519,0.24335,0.07727,0.75665,0.68085,544,142,301,93,1346,787,2480,2225,1
0.400,0.500,0.000,207.50000,0.29982,0.60580,0.45193,0.16258,0.54807,0.70018,1012,262,622,207,878,667,2159,2111,1
0.400,0.650,0.000,171.00000,0.30020,0.62629,0.38879,0.12826,0.61121,0.69980,872,224,498,156,1018,705,2283,2162,1
0.400,0.725,0.000,149.50000,0.30159,0.63984,0.34977,0.10884,0.65023,0.69841,785,201,427,128,1105,728,2354,2190,1
0.400,0.850,0.000,120.00000,0.31031,0.65058,0.27740,0.08237,0.72260,0.68969,628,154,330,90,1262,775,2451,2228,1
0.400,0.925,0.000,95.50000,0.31675,0.65660,0.23129,0.06688,0.76871,0.68325,530,122,266,75,1360,807,2515,2243,1
0.400,1.000,0.000,74.50000,0.32420,0.65403,0.18978,0.05550,0.81022,0.67580,439,96,216,67,1451,833,2565,2251,1
0.425,0.550,0.000,161.50000,0.29831,0.64044,0.36963,0.11473,0.63037,0.70169,836,206,454,131,1054,723,2327,2187,1
0.425,0.625,0.000,142.50000,0.30210,0.64734,0.33274,0.10022,0.66726,0.69790,758,180,398,113,1132,749,2383,2205,1
0.425,0.650,0.000,136.50000,0.30437,0.64787,0.31784,0.09551,0.68216,0.69563,724,172,380,107,1166,757,2401,2211,1
0.425,0.700,0.000,128.50000,0.30740,0.65146,0.29372,0.08688,0.70628,0.69260,668,160,350,93,1222,769,2431,2225,1
0.425,0.775,0.000,110.00000,0.31296,0.65486,0.25576,0.07452,0.74424,0.68704,587,134,300,80,1303,795,2481,2238,1
0.425,0.875,0.000,86.50000,0.31978,0.66142,0.20858,0.05903,0.79142,0.68022,482,106,237,64,1408,823,2544,2254,1
0.425,0.975,0.000,63.00000,0.32811,0.66131,0.16070,0.04550,0.83930,0.67189,376,77,179,53,1514,852,2602,2265,1
0.425,1.000,0.000,58.00000,0.33026,0.66346,0.14686,0.04118,0.85314,0.66974,346,68,163,47,1544,861,2618,2271,1
0.450,0.175,0.000,199.50000,0.29768,0.61690,0.43242,0.14846,0.56758,0.70232,975,244,578,179,915,685,2203,2139,1
0.450,0.450,0.000,150.50000,0.29894,0.64967,0.34800,0.10375,0.65200,0.70106,794,187,415,114,1096,742,2366,2204,1
0.450,0.525,0.000,138.00000,0.30248,0.65634,0.31571,0.09139,0.68429,0.69752,727,163,371,95,1163,766,2410,2223,1
0.450,0.650,0.000,112.00000,0.31106,0.66123,0.25896,0.07335,0.74104,0.68894,593,137,299,75,1297,792,2482,2243,1
0.450,0.800,0.000,86.50000,0.31889,0.67335,0.20255,0.05432,0.79745,0.68111,475,96,225,52,1415,833,2556,2266,1
0.450,0.825,0.000,80.50000,0.32054,0.67673,0.19085,0.05040,0.80915,0.67946,448,90,209,48,1442,839,2572,2270,1
0.450,0.900,0.000,62.50000,0.32672,0.68069,0.15502,0.04020,0.84498,0.67328,366,71,165,40,1524,858,2616,2278,1
0.450,0.925,0.000,56.50000,0.32799,0.68500,0.14580,0.03707,0.85420,0.67201,344,67,151,38,1546,862,2630,2280,1
0.450,1.000,0.000,45.50000,0.33342,0.68922,0.11564,0.02883,0.88436,0.66658,272,54,119,28,1618,875,2662,2290,1
0.475,0.000,0.000,195.00000,0.29717,0.62199,0.42143,0.14160,0.57857,0.70283,950,238,556,166,940,691,2225,2152,1
0.475,0.025,0.000,191.50000,0.29730,0.62347,0.41646,0.13905,0.58354,0.70270,940,234,546,163,950,695,2235,2155,1
0.475,0.300,0.000,153.00000,0.29932,0.65118,0.34303,0.10159,0.65697,0.70068,790,177,412,106,1100,752,2369,2212,1
0.475,0.325,0.000,149.50000,0.29995,0.65353,0.33523,0.09825,0.66477,0.70005,773,172,400,101,1117,757,2381,2217,1
0.475,0.375,0.000,139.50000,0.30210,0.65827,0.31501,0.09041,0.68499,0.69790,728,160,370,91,1162,769,2411,2227,1
0.475,0.400,0.000,135.50000,0.30285,0.65959,0.30862,0.08806,0.69138,0.69715,713,157,360,89,1177,772,2421,2229,1
0.475,0.475,0.000,120.00000,0.30778,0.66105,0.27811,0.07884,0.72189,0.69222,642,142,321,81,1248,787,2460,2237,1
0.475,0.550,0.000,106.50000,0.31182,0.66447,0.25080,0.07001,0.74920,0.68818,580,127,285,72,1310,802,2496,2246,1
0.475,0.700,0.000,88.50000,0.31776,0.68187,0.20149,0.05197,0.79851,0.68224,475,93,221,44,1415,836,2560,2274,1
0.475,0.775,0.000,73.00000,0.32243,0.68839,0.17240,0.04315,0.82760,0.67757,409,77,183,37,1481,852,2598,2281,1
0.475,0.900,0.000,51.50000,0.32975,0.70392,0.12735,0.02961,0.87265,0.67025,302,57,127,24,1588,872,2654,2294,1
0.475,0.925,0.000,48.00000,0.33165,0.70402,0.11813,0.02746,0.88187,0.66835,281,52,118,22,1609,877,2663,2296,1
0.475,1.000,0.000,37.00000,0.33935,0.68539,0.08656,0.02197,0.91344,0.66065,206,38,93,19,1684,891,2688,2299,1
0.500,-0.200,0.000,193.00000,0.29730,0.62413,0.41469,0.13807,0.58531,0.70270,939,230,545,159,951,699,2236,2159,1
0.500,0.175,0.000,149.50000,0.29944,0.65797,0.33097,0.09512,0.66903,0.70056,764,169,392,93,1126,760,2389,2225,1
0.500,0.200,0.000,144.50000,0.29982,0.66088,0.32423,0.09198,0.67577,0.70018,749,165,379,90,1141,764,2402,2228,1
0.500,0.275,0.000,131.50000,0.30361,0.66403,0.29798,0.08335,0.70202,0.69639,690,150,344,81,1200,779,2437,2237,1
0.500,0.325,0.000,124.00000,0.30614,0.66527,0.28201,0.07845,0.71799,0.69386,656,139,324,76,1234,790,2457,2242,1
0.500,0.350,0.000,121.00000,0.30702,0.66724,0.27457,0.07570,0.72543,0.69298,639,135,314,72,1251,794,2467,2246,1
0.500,0.400,0.000,109.50000,0.31056,0.66822,0.25364,0.06962,0.74636,0.68944,586,129,287,68,1304,800,2494,2250,1
0.500,0.450,0.000,105.50000,0.31207,0.67228,0.24087,0.06491,0.75913,0.68793,560,119,271,60,1330,810,2510,2258,1
0.500,0.500,0.000,98.00000,0.31485,0.67377,0.22419,0.06001,0.77581,0.68515,520,112,251,55,1370,817,2530,2263,1
0.500,0.550,0.000,93.50000,0.31675,0.67894,0.20929,0.05472,0.79071,0.68325,488,102,233,46,1402,827,2548,2272,1
0.500,0.600,0.000,88.50000,0.31851,0.68311,0.19652,0.05040,0.80348,0.68149,463,91,217,40,1427,838,2564,2278,1
0.500,0.675,0.000,76.00000,0.32205,0.69078,0.17276,0.04275,0.82724,0.67795,410,77,185,33,1480,852,2596,2285,1
0.500,0.775,0.000,58.50000,0.32647,0.70893,0.14083,0.03197,0.85917,0.67353,336,61,140,23,1554,868,2641,2295,1
0.500,0.875,0.000,42.50000,0.33392,0.70396,0.10713,0.02491,0.89287,0.66608,258,44,106,21,1632,885,2675,2297,1
0.500,0.975,0.000,26.00000,0.34112,0.70345,0.07237,0.01687,0.92763,0.65888,180,24,69,17,1710,905,2712,2301,1
0.500,1.000,0.000,24.00000,0.34264,0.69630,0.06669,0.01608,0.93331,0.65736,165,23,65,17,1725,906,2716,2301,1
0.525,-0.400,0.000,188.50000,0.29730,0.62726,0.40653,0.13356,0.59347,0.70270,923,223,529,152,967,706,2252,2166,1
0.525,-0.025,0.000,156.00000,0.29881,0.65718,0.33593,0.09688,0.66407,0.70119,779,168,403,91,1111,761,2378,2227,1
0.525,0.025,0.000,148.00000,0.30071,0.65939,0.32139,0.09178,0.67861,0.69929,746,160,382,86,1144,769,2399,2232,1
0.525,0.075,0.000,139.00000,0.30235,0.66284,0.30685,0.08629,0.69315,0.69765,713,152,359,81,1177,777,2422,2237,1
0.525,0.200,0.000,118.00000,0.30740,0.66990,0.26924,0.07335,0.73076,0.69260,626,133,305,69,1264,796,2476,2249,1
0.525,0.250,0.000,111.00000,0.30930,0.67098,0.25754,0.06982,0.74246,0.69070,600,126,289,67,1290,803,2492,2251,1
0.525,0.400,0.000,95.00000,0.31536,0.68172,0.21426,0.05530,0.78574,0.68464,498,106,236,46,1392,823,2545,2272,1
0.525,0.425,0.000,92.50000,0.31624,0.68208,0.20929,0.05393,0.79071,0.68376,487,103,230,45,1403,826,2551,2273,1
0.525,0.525,0.000,81.00000,0.32054,0.68758,0.18269,0.04589,0.81731,0.67946,433,82,198,36,1457,847,2583,2282,1
0.525,0.550,0.000,76.50000,0.32129,0.69177,0.17595,0.04334,0.82405,0.67871,420,76,187,34,1470,853,2594,2284,1
0.525,0.625,0.000,66.50000,0.32395,0.69969,0.15786,0.03746,0.84214,0.67605,378,67,162,29,1512,862,2619,2289,1
0.525,0.650,0.000,62.50000,0.32470,0.70462,0.15147,0.03510,0.84853,0.67530,362,65,152,27,1528,864,2629,2291,1
0.525,0.725,0.000,50.50000,0.32963,0.70942,0.12558,0.02844,0.87442,0.67037,302,52,123,22,1588,877,2658,2296,1
0.525,0.750,0.000,46.00000,0.33051,0.71489,0.11919,0.02628,0.88081,0.66949,285,51,113,21,1605,878,2668,2297,1
0.525,0.850,0.000,36.00000,0.33695,0.70572,0.09188,0.02118,0.90812,0.66305,226,33,90,18,1664,896,2691,2300,1
0.525,0.925,0.000,23.50000,0.34188,0.70741,0.06775,0.01549,0.93225,0.65812,170,21,63,16,1720,908,2718,2302,1
0.525,1.000,0.000,17.50000,0.34693,0.68182,0.04789,0.01236,0.95211,0.65307,117,18,49,14,1773,911,2732,2304,1
0.550,-0.625,0.000,183.00000,0.29692,0.63117,0.39943,0.12904,0.60057,0.70308,910,216,512,146,980,713,2269,2172,1
0.550,-0.225,0.000,154.50000,0.29982,0.65549,0.33274,0.09669,0.66726,0.70018,771,167,401,92,1119,762,2380,2226,1
0.550,-0.125,0.000,140.00000,0.30184,0.66337,0.30897,0.08668,0.69103,0.69816,717,154,361,81,1173,775,2420,2237,1
0.550,-0.075,0.000,133.50000,0.30349,0.66482,0.29762,0.08296,0.70238,0.69651,692,147,345,78,1198,782,2436,2240,1
0.550,-0.025,0.000,126.50000,0.30551,0.66639,0.28414,0.07864,0.71586,0.69449,661,140,327,74,1229,789,2454,2244,1
0.550,0.025,0.000,116.00000,0.30677,0.67196,0.27031,0.07296,0.72969,0.69323,627,135,302,70,1263,794,2479,2248,1
0.550,0.250,0.000,95.50000,0.31384,0.68556,0.21887,0.05550,0.78113,0.68616,511,106,237,46,1379,823,2544,2272,1
0.550,0.425,0.000,77.50000,0.32041,0.69475,0.17843,0.04334,0.82157,0.67959,425,78,188,33,1465,851,2593,2285,1
0.550,0.450,0.000,73.00000,0.32066,0.70115,0.17311,0.04079,0.82689,0.67934,413,75,177,31,1477,854,2604,2287,1
0.550,0.575,0.000,58.50000,0.32609,0.70899,0.14260,0.03236,0.85740,0.67391,343,59,141,24,1547,870,2640,2294,1
0.550,0.625,0.000,50.00000,0.32950,0.71255,0.12487,0.02785,0.87513,0.67050,301,51,121,21,1589,878,2660,2297,1
0.550,0.800,0.000,32.50000,0.33885,0.70859,0.08194,0.01863,0.91806,0.66115,203,28,80,15,1687,901,2701,2303,1
0.550,0.975,0.000,12.50000,0.34744,0.70988,0.04079,0.00922,0.95921,0.65256,99,16,36,11,1791,913,2745,2307,1
0.550,1.000,0.000,11.50000,0.34769,0.72297,0.03796,0.00804,0.96204,0.65231,92,15,32,9,1798,914,2749,2309,1
0.575,-0.850,0.000,181.00000,0.29692,0.63510,0.39021,0.12395,0.60979,0.70308,892,208,497,135,998,721,2284,2183,1
0.575,-0.650,0.000,166.00000,0.29957,0.64190,0.35864,0.11061,0.64136,0.70043,826,185,448,116,1064,744,2333,2202,1
0.575,-0.525,0.000,157.00000,0.30096,0.64730,0.33984,0.10237,0.66016,0.69904,788,170,418,104,1102,759,2363,2214,1
0.575,-0.425,0.000,152.00000,0.30159,0.65316,0.32600,0.09571,0.67400,0.69841,756,163,396,92,1134,766,2385,2226,1
0.575,-0.400,0.000,150.00000,0.30159,0.65627,0.32104,0.09296,0.67896,0.69841,742,163,387,87,1148,766,2394,2231,1
0.575,-0.375,0.000,146.00000,0.30159,0.65904,0.31678,0.09061,0.68322,0.69841,734,159,377,85,1156,770,2404,2233,1
0.575,-0.350,0.000,141.00000,0.30172,0.66165,0.31217,0.08825,0.68783,0.69828,724,156,366,84,1166,773,2415,2234,1
0.575,-0.175,0.000,118.50000,0.30702,0.66870,0.27279,0.07472,0.72721,0.69298,633,136,309,72,1257,793,2472,2246,1
0.575,-0.150,0.000,117.50000,0.30727,0.67232,0.26712,0.07197,0.73288,0.69273,622,131,301,66,1268,798,2480,2252,1
0.575,-0.075,0.000,110.50000,0.30993,0.67299,0.25186,0.06766,0.74814,0.69007,592,118,283,62,1298,811,2498,2256,1
0.575,-0.025,0.000,104.50000,0.31119,0.67662,0.24122,0.06374,0.75878,0.68881,567,113,267,58,1323,816,2514,2260,1
0.575,0.050,0.000,99.50000,0.31245,0.68293,0.22845,0.05864,0.77155,0.68755,536,108,249,50,1354,821,2532,2268,1
0.575,0.125,0.000,93.50000,0.31498,0.68657,0.21213,0.05354,0.78787,0.68502,494,104,230,43,1396,825,2551,2275,1
0.575,0.150,0.000,90.00000,0.31586,0.68884,0.20575,0.05138,0.79425,0.68414,480,100,221,41,1410,829,2560,2277,1
0.575,0.250,0.000,80.00000,0.31965,0.69048,0.18517,0.04589,0.81483,0.68035,437,85,197,37,1453,844,2584,2281,1
0.575,0.275,0.000,75.00000,0.32016,0.69505,0.17950,0.04354,0.82050,0.67984,427,79,186,36,1463,850,2595,2282,1
0.575,0.300,0.000,73.50000,0.32041,0.69915,0.17559,0.04177,0.82441,0.67959,418,77,180,33,1472,852,2601,2285,1
0.575,0.325,0.000,72.50000,0.32079,0.70247,0.17169,0.04020,0.82831,0.67921,408,76,175,30,1482,853,2606,2288,1
0.575,0.450,0.000,59.00000,0.32622,0.70629,0.14331,0.03295,0.85669,0.67378,345,59,143,25,1545,870,2638,2293,1
0.575,0.500,0.000,53.00000,0.32900,0.70817,0.12912,0.02942,0.87088,0.67100,314,50,128,22,1576,879,2653,2296,1
0.575,0.575,0.000,44.50000,0.33203,0.71591,0.11174,0.02451,0.88826,0.66797,272,43,107,18,1618,886,2674,2300,1
0.575,0.675,0.000,37.00000,0.33683,0.71111,0.09081,0.02040,0.90919,0.66317,225,31,89,15,1665,898,2692,2303,1
0.575,0.700,0.000,32.50000,0.33784,0.71557,0.08478,0.01863,0.91522,0.66216,210,29,80,15,1680,900,2701,2303,1
0.575,0.750,0.000,27.50000,0.34049,0.71280,0.07308,0.01628,0.92692,0.65951,182,24,69,14,1708,905,2712,2304,1
0.575,0.850,0.000,20.00000,0.34466,0.70270,0.05534,0.01294,0.94466,0.65534,139,17,53,13,1751,912,2728,2305,1
0.575,0.925,0.000,11.00000,0.34630,0.75163,0.04079,0.00745,0.95921,0.65370,100,15,30,8,1790,914,2751,2310,1
0.575,0.975,0.000,8.00000,0.34832,0.74400,0.03299,0.00628,0.96701,0.65168,81,12,24,8,1809,917,2757,2310,1
0.600,-1.000,0.000,173.00000,0.29944,0.63793,0.36751,0.11532,0.63249,0.70056,848,188,467,121,1042,741,2314,2197,1
0.600,-0.850,0.000,157.00000,0.30083,0.64442,0.34587,0.10551,0.65413,0.69917,802,173,426,112,1088,756,2355,2206,1
0.600,-0.775,0.000,152.00000,0.30134,0.64819,0.33593,0.10080,0.66407,0.69866,778,169,409,105,1112,760,2372,2213,1
0.600,-0.575,0.000,141.00000,0.30197,0.66311,0.30862,0.08668,0.69138,0.69803,715,155,362,80,1175,774,2419,2238,1
0.600,-0.550,0.000,139.00000,0.30248,0.66409,0.30436,0.08511,0.69564,0.69752,709,149,356,78,1181,780,2425,2240,1
0.600,-0.425,0.000,126.50000,0.30563,0.66950,0.27953,0.07629,0.72047,0.69437,649,139,321,68,1241,790,2460,2250,1
0.600,-0.350,0.000,116.00000,0.30715,0.67354,0.26641,0.07139,0.73359,0.69285,621,130,298,66,1269,799,2483,2252,1
0.600,-0.150,0.000,100.00000,0.31119,0.68432,0.23377,0.05962,0.76623,0.68881,548,111,252,52,1342,818,2529,2266,1
0.600,0.125,0.000,74.50000,0.31927,0.69959,0.18092,0.04295,0.81908,0.68073,428,82,184,35,1462,847,2597,2283,1
0.600,0.225,0.000,66.00000,0.32155,0.71032,0.16353,0.03687,0.83647,0.67845,388,73,160,28,1502,856,2621,2290,1
0.600,0.325,0.000,59.50000,0.32660,0.70547,0.14189,0.03275,0.85811,0.67340,343,57,143,24,1547,872,2638,2294,1
0.600,0.350,0.000,57.50000,0.32736,0.70674,0.13764,0.03157,0.86236,0.67264,333,55,138,23,1557,874,2643,2295,1
0.600,0.400,0.000,52.00000,0.32975,0.70800,0.12558,0.02863,0.87442,0.67025,308,46,125,21,1582,883,2656,2297,1
0.600,0.450,0.000,46.50000,0.33165,0.71209,0.11493,0.02569,0.88507,0.66835,281,43,112,19,1609,886,2669,2299,1
0.600,0.550,0.000,40.00000,0.33607,0.70899,0.09507,0.02157,0.90493,0.66393,235,33,95,15,1655,896,2686,2303,1
0.600,0.600,0.000,35.00000,0.33759,0.71345,0.08656,0.01922,0.91344,0.66241,215,29,84,14,1675,900,2697,2304,1
0.600,0.650,0.000,30.00000,0.33935,0.71711,0.07733,0.01687,0.92267,0.66065,192,26,73,13,1698,903,2708,2305,1
0.600,0.675,0.000,26.50000,0.34024,0.72085,0.07237,0.01549,0.92763,0.65976,181,23,66,13,1709,906,2715,2305,1
0.600,0.775,0.000,19.00000,0.34415,0.71560,0.05534,0.01216,0.94466,0.65585,140,16,50,12,1750,913,2731,2306,1
0.600,0.825,0.000,13.00000,0.34478,0.73545,0.04931,0.00981,0.95069,0.65522,123,16,38,12,1767,913,2743,2306,1
0.600,0.850,0.000,11.00000,0.34554,0.74850,0.04434,0.00824,0.95566,0.65446,110,15,32,10,1780,914,2749,2308,1
0.600,0.875,0.000,10.50000,0.34605,0.75817,0.04115,0.00726,0.95885,0.65395,101,15,29,8,1789,914,2752,2310,1
0.600,0.950,0.000,8.00000,0.34996,0.73077,0.02696,0.00549,0.97304,0.65004,65,11,22,6,1825,918,2759,2312,1
0.600,1.000,0.000,7.00000,0.35148,0.73684,0.01987,0.00392,0.98013,0.64852,48,8,17,3,1842,921,2764,2315,1
0.625,-0.850,0.000,144.50000,0.30235,0.66160,0.30862,0.08727,0.69138,0.69765,717,153,367,78,1173,776,2414,2240,1
0.625,-0.825,0.000,143.00000,0.30260,0.66332,0.30472,0.08551,0.69528,0.69740,706,153,361,75,1184,776,2420,2243,1
0.625,-0.775,0.000,137.00000,0.30412,0.66427,0.29479,0.08237,0.70521,0.69588,687,144,347,73,1203,785,2434,2245,1
0.625,-0.750,0.000,134.50000,0.30462,0.66451,0.29159,0.08139,0.70841,0.69538,679,143,342,73,1211,786,2439,2245,1
0.625,-0.625,0.000,122.50000,0.30727,0.66753,0.27279,0.07511,0.72721,0.69273,636,133,314,69,1254,796,2467,2249,1
0.625,-0.600,0.000,119.50000,0.30727,0.67171,0.26783,0.07237,0.73217,0.69273,626,129,304,65,1264,800,2477,2253,1
0.625,-0.575,0.000,117.00000,0.30740,0.67421,0.26428,0.07060,0.73572,0.69260,620,125,297,63,1270,804,2484,2255,1
0.625,-0.425,0.000,104.50000,0.31081,0.67972,0.24016,0.06256,0.75984,0.68919,565,112,264,55,1325,817,2517,2263,1
0.625,-0.325,0.000,97.00000,0.31144,0.68837,0.22880,0.05727,0.77120,0.68856,535,110,243,49,1355,819,2538,2269,1
0.625,-0.300,0.000,92.50000,0.31182,0.69358,0.22242,0.05432,0.77758,0.68818,522,105,231,46,1368,824,2550,2272,1
0.625,-0.275,0.000,90.00000,0.31271,0.69335,0.21816,0.05334,0.78184,0.68729,512,103,226,46,1378,826,2555,2272,1
0.625,-0.175,0.000,88.00000,0.31561,0.69417,0.20291,0.04942,0.79709,0.68439,476,96,214,38,1414,833,2567,2280,1
0.625,-0.075,0.000,77.00000,0.31826,0.70013,0.18553,0.04393,0.81447,0.68174,438,85,189,35,1452,844,2592,2283,1
0.625,0.000,0.000,69.50000,0.31953,0.70791,0.17453,0.03981,0.82547,0.68047,414,78,171,32,1476,851,2610,2286,1
0.625,0.075,0.000,64.50000,0.32205,0.71049,0.16105,0.03628,0.83895,0.67795,385,69,157,28,1505,860,2624,2290,1
0.625,0.275,0.000,54.00000,0.33001,0.70683,0.12487,0.02863,0.87513,0.66999,306,46,127,19,1584,883,2654,2299,1
0.625,0.300,0.000,51.50000,0.33064,0.70807,0.12132,0.02765,0.87868,0.66936,297,45,122,19,1593,884,2659,2299,1
0.625,0.350,0.000,47.50000,0.33266,0.71071,0.11068,0.02491,0.88932,0.66734,272,40,111,16,1618,889,2670,2302,1
0.625,0.375,0.000,45.00000,0.33354,0.71498,0.10500,0.02314,0.89500,0.66646,258,38,104,14,1632,891,2677,2304,1
0.625,0.425,0.000,41.50000,0.33493,0.71465,0.09862,0.02177,0.90138,0.66507,244,34,97,14,1646,895,2684,2304,1
0.625,0.450,0.000,37.50000,0.33607,0.71703,0.09259,0.02020,0.90741,0.66393,230,31,89,14,1660,898,2692,2304,1
0.625,0.500,0.000,34.50000,0.33759,0.71471,0.08620,0.01902,0.91380,0.66241,213,30,83,14,1677,899,2698,2304,1
0.625,0.525,0.000,31.00000,0.33847,0.71787,0.08123,0.01765,0.91877,0.66153,201,28,76,14,1689,901,2705,2304,1
0.625,0.600,0.000,25.50000,0.34036,0.72628,0.07059,0.01471,0.92941,0.65964,178,21,63,12,1712,908,2718,2306,1
0.625,0.675,0.000,19.50000,0.34314,0.72368,0.05853,0.01236,0.94147,0.65686,148,17,51,12,1742,912,2730,2306,1
0.625,0.775,0.000,11.00000,0.34428,0.76879,0.04718,0.00784,0.95282,0.65572,118,15,31,9,1772,914,2750,2309,1
0.625,0.800,0.000,9.50000,0.34554,0.76433,0.04257,0.00726,0.95743,0.65446,105,15,28,9,1785,914,2753,2309,1
0.625,0.950,0.000,5.00000,0.35110,0.76000,0.02022,0.00353,0.97978,0.64890,49,8,14,4,1841,921,2767,2314,1
0.625,1.000,0.000,2.50000,0.35299,0.76087,0.01242,0.00216,0.98758,0.64701,30,5,8,3,1860,924,2773,2315,1
0.650,-1.000,0.000,134.50000,0.30614,0.66228,0.28592,0.08060,0.71408,0.69386,666,140,340,71,1224,789,2441,2247,1
0.650,-0.850,0.000,117.50000,0.30677,0.67349,0.26853,0.07197,0.73147,0.69323,628,129,301,66,1262,800,2480,2252,1
0.650,-0.800,0.000,113.50000,0.30816,0.67465,0.25967,0.06923,0.74033,0.69184,612,120,290,63,1278,809,2491,2255,1
0.650,-0.675,0.000,103.00000,0.31056,0.67928,0.24193,0.06315,0.75807,0.68944,570,112,264,58,1320,817,2517,2260,1
0.650,-0.525,0.000,91.50000,0.31068,0.69575,0.22632,0.05472,0.77368,0.68932,532,106,231,48,1358,823,2550,2270,1
0.650,-0.500,0.000,89.00000,0.31081,0.69933,0.22277,0.05295,0.77723,0.68919,524,104,224,46,1366,825,2557,2272,1
0.650,-0.475,0.000,87.50000,0.31207,0.69908,0.21674,0.05158,0.78326,0.68793,509,102,219,44,1381,827,2562,2274,1
0.650,-0.325,0.000,85.00000,0.31763,0.69388,0.19298,0.04707,0.80702,0.68237,456,88,205,35,1434,841,2576,2283,1
0.650,-0.275,0.000,79.50000,0.31801,0.69829,0.18801,0.04491,0.81199,0.68199,445,85,194,35,1445,844,2587,2283,1
0.650,-0.250,0.000,75.50000,0.31839,0.70135,0.18411,0.04334,0.81589,0.68161,438,81,186,35,1452,848,2595,2283,1
0.650,-0.200,0.000,72.00000,0.31889,0.70822,0.17737,0.04040,0.82263,0.68111,421,79,175,31,1469,850,2606,2287,1
0.650,-0.175,0.000,70.00000,0.31953,0.70851,0.17418,0.03962,0.82582,0.68047,413,78,171,31,1477,851,2610,2287,1
0.650,-0.050,0.000,64.00000,0.32357,0.70962,0.15431,0.03491,0.84569,0.67643,369,66,153,25,1521,863,2628,2293,1
0.650,0.125,0.000,54.00000,0.32963,0.70858,0.12593,0.02863,0.87407,0.67037,308,47,127,19,1582,882,2654,2299,1
0.650,0.175,0.000,50.00000,0.33114,0.71002,0.11813,0.02667,0.88187,0.66886,291,42,118,18,1599,887,2663,2300,1
0.650,0.225,0.000,45.00000,0.33266,0.71363,0.10961,0.02432,0.89039,0.66734,270,39,107,17,1620,890,2674,2301,1
0.650,0.300,0.000,40.50000,0.33506,0.71615,0.09755,0.02138,0.90245,0.66494,242,33,95,14,1648,896,2686,2304,1
0.650,0.350,0.000,34.50000,0.33556,0.72753,0.09188,0.01902,0.90812,0.66444,228,31,83,14,1662,898,2698,2304,1
0.650,0.500,0.000,25.00000,0.34074,0.72491,0.06917,0.01451,0.93083,0.65926,173,22,62,12,1717,907,2719,2306,1
0.650,0.550,0.000,20.00000,0.34213,0.73109,0.06172,0.01255,0.93828,0.65787,155,19,52,12,1735,910,2729,2306,1
0.650,0.625,0.000,17.00000,0.34390,0.73077,0.05392,0.01098,0.94608,0.65610,135,17,45,11,1755,912,2736,2307,1
0.650,0.675,0.000,14.00000,0.34466,0.74725,0.04824,0.00902,0.95176,0.65534,121,15,37,9,1769,914,2744,2309,1
0.650,0.725,0.000,9.50000,0.34504,0.77019,0.04399,0.00726,0.95601,0.65496,111,13,28,9,1779,916,2753,2309,1
0.650,0.750,0.000,8.50000,0.34630,0.76190,0.03973,0.00686,0.96027,0.65370,100,12,26,9,1790,917,2755,2309,1
0.650,0.875,0.000,5.00000,0.35110,0.76000,0.02022,0.00353,0.97978,0.64890,51,6,14,4,1839,923,2767,2314,1
0.650,0.950,0.000,2.50000,0.35299,0.76087,0.01242,0.00216,0.98758,0.64701,31,4,8,3,1859,925,2773,2315,1
0.650,0.975,0.000,2.00000,0.35388,0.72973,0.00958,0.00196,0.99042,0.64612,23,4,7,3,1867,925,2774,2315,1
0.675,-0.975,0.000,103.50000,0.30904,0.68416,0.24512,0.06256,0.75488,0.69096,578,113,263,56,1312,816,2518,2262,1
0.675,-0.800,0.000,95.50000,0.31031,0.69421,0.22951,0.05589,0.77049,0.68969,539,108,238,47,1351,821,2543,2271,1
0.675,-0.775,0.000,92.50000,0.31056,0.69608,0.22668,0.05472,0.77332,0.68944,532,107,232,47,1358,822,2549,2271,1
0.675,-0.750,0.000,91.50000,0.31081,0.69801,0.22384,0.05354,0.77616,0.68919,525,106,228,45,1365,823,2553,2273,1
0.675,-0.700,0.000,87.00000,0.31245,0.69942,0.21462,0.05099,0.78538,0.68755,505,100,217,43,1385,829,2564,2275,1
0.675,-0.475,0.000,78.00000,0.31750,0.70360,0.18695,0.04354,0.81305,0.68250,444,83,189,33,1446,846,2592,2285,1
0.675,-0.425,0.000,73.50000,0.31839,0.70810,0.17985,0.04099,0.82015,0.68161,430,77,178,31,1460,852,2603,2287,1
0.675,-0.400,0.000,71.50000,0.31902,0.70839,0.17666,0.04020,0.82334,0.68098,423,75,174,31,1467,854,2607,2287,1
0.675,-0.325,0.000,69.00000,0.32155,0.70404,0.16708,0.03883,0.83292,0.67845,399,72,168,30,1491,857,2613,2288,1
0.675,-0.275,0.000,65.50000,0.32319,0.70505,0.15857,0.03667,0.84143,0.67681,378,69,159,28,1512,860,2622,2290,1
0.675,-0.175,0.000,63.50000,0.32584,0.70711,0.14473,0.03314,0.85527,0.67416,346,62,148,21,1544,867,2633,2297,1
0.675,-0.125,0.000,60.50000,0.32736,0.70674,0.13764,0.03157,0.86236,0.67264,331,57,141,20,1559,872,2640,2298,1
0.675,-0.025,0.000,53.00000,0.33013,0.70791,0.12380,0.02824,0.87620,0.66987,304,45,125,19,1586,884,2656,2299,1
0.675,0.025,0.000,49.00000,0.33089,0.71306,0.11813,0.02628,0.88187,0.66911,290,43,116,18,1600,886,2665,2300,1
0.675,0.200,0.000,34.50000,0.33468,0.73538,0.09365,0.01863,0.90635,0.66532,233,31,82,13,1657,898,2699,2305,1
0.675,0.275,0.000,31.00000,0.33784,0.72500,0.08230,0.01726,0.91770,0.66216,206,26,75,13,1684,903,2706,2305,1
0.675,0.425,0.000,22.50000,0.34163,0.72619,0.06492,0.01353,0.93508,0.65837,164,19,57,12,1726,910,2724,2306,1
0.675,0.450,0.000,20.50000,0.34188,0.73140,0.06279,0.01275,0.93721,0.65812,159,18,53,12,1731,911,2728,2306,1
0.675,0.475,0.000,18.50000,0.34251,0.73778,0.05889,0.01157,0.94111,0.65749,150,16,48,11,1740,913,2733,2307,1
0.675,0.575,0.000,13.50000,0.34428,0.75410,0.04895,0.00883,0.95105,0.65572,124,14,36,9,1766,915,2745,2309,1
0.675,0.600,0.000,12.00000,0.34478,0.75723,0.04647,0.00824,0.95353,0.65522,117,14,33,9,1773,915,2748,2309,1
0.675,0.675,0.000,9.00000,0.34655,0.76224,0.03867,0.00667,0.96133,0.65345,98,11,26,8,1792,918,2755,2310,1
0.675,0.725,0.000,6.50000,0.34807,0.76033,0.03264,0.00569,0.96736,0.65193,84,8,21,8,1806,921,2760,2310,1
0.675,0.900,0.000,2.00000,0.35312,0.76744,0.01171,0.00196,0.98829,0.64688,29,4,7,3,1861,925,2774,2315,1
0.675,0.975,0.000,1.50000,0.35552,0.59091,0.00461,0.00177,0.99539,0.64448,11,2,6,3,1879,927,2775,2315,1
0.700,-1.000,0.000,93.00000,0.31144,0.69854,0.22029,0.05256,0.77971,0.68856,516,105,227,41,1374,824,2554,2277,1
0.700,-0.950,0.000,88.00000,0.31195,0.70173,0.21532,0.05060,0.78468,0.68805,507,100,217,41,1383,829,2564,2277,1
0.700,-0.825,0.000,85.00000,0.31599,0.69887,0.19759,0.04707,0.80241,0.68401,467,90,205,35,1423,839,2576,2283,1
0.700,-0.725,0.000,79.50000,0.31788,0.70080,0.18695,0.04413,0.81305,0.68212,444,83,192,33,1446,846,2589,2285,1
0.700,-0.650,0.000,74.50000,0.31851,0.70654,0.18021,0.04138,0.81979,0.68149,433,75,180,31,1457,854,2601,2287,1
0.700,-0.600,0.000,71.00000,0.31990,0.70725,0.17311,0.03962,0.82689,0.68010,413,75,172,30,1477,854,2609,2288,1
0.700,-0.575,0.000,69.50000,0.32054,0.70815,0.16956,0.03864,0.83044,0.67946,404,74,168,29,1486,855,2613,2289,1
0.700,-0.550,0.000,67.50000,0.32167,0.70669,0.16495,0.03785,0.83505,0.67833,392,73,164,29,1498,856,2617,2289,1
0.700,-0.450,0.000,63.50000,0.32395,0.70888,0.15289,0.03471,0.84711,0.67605,365,66,152,25,1525,863,2629,2293,1
0.700,-0.350,0.000,59.50000,0.32622,0.71147,0.14083,0.03157,0.85917,0.67378,335,62,140,21,1555,867,2641,2297,1
0.700,-0.175,0.000,50.50000,0.33013,0.71399,0.12132,0.02687,0.87868,0.66987,296,46,119,18,1594,883,2662,2300,1
0.700,-0.150,0.000,48.50000,0.33089,0.71398,0.11777,0.02608,0.88223,0.66911,289,43,115,18,1601,886,2666,2300,1
0.700,-0.075,0.000,43.00000,0.33329,0.71429,0.10642,0.02353,0.89358,0.66671,262,38,103,17,1628,891,2678,2301,1
0.700,0.025,0.000,34.50000,0.33506,0.73056,0.09330,0.01902,0.90670,0.66494,235,28,83,14,1655,901,2698,2304,1
0.700,0.075,0.000,31.50000,0.33544,0.73900,0.08939,0.01745,0.91061,0.66456,226,26,76,13,1664,903,2705,2305,1
0.700,0.250,0.000,24.50000,0.34036,0.72963,0.06988,0.01432,0.93012,0.65964,175,22,61,12,1715,907,2720,2306,1
0.700,0.325,0.000,21.50000,0.34175,0.73251,0.06314,0.01275,0.93686,0.65825,159,19,54,11,1731,910,2727,2307,1
0.700,0.375,0.000,18.00000,0.34289,0.73636,0.05747,0.01137,0.94253,0.65711,147,15,47,11,1743,914,2734,2307,1
0.700,0.475,0.000,14.00000,0.34415,0.75269,0.04966,0.00902,0.95034,0.65585,126,14,37,9,1764,915,2744,2309,1
0.700,0.500,0.000,12.50000,0.34453,0.76301,0.04683,0.00804,0.95317,0.65547,119,13,33,8,1771,916,2748,2310,1
0.700,0.550,0.000,11.00000,0.34567,0.75949,0.04257,0.00745,0.95743,0.65433,109,11,30,8,1781,918,2751,2310,1
0.700,0.625,0.000,7.00000,0.34807,0.75610,0.03299,0.00588,0.96701,0.65193,86,7,22,8,1804,922,2759,2310,1
0.700,0.650,0.000,5.50000,0.34857,0.76106,0.03051,0.00530,0.96949,0.65143,80,6,19,8,1810,923,2762,2310,1
0.700,0.800,0.000,3.50000,0.35261,0.73684,0.01490,0.00294,0.98510,0.64739,38,4,11,4,1852,925,2770,2314,1
0.700,0.850,0.000,2.50000,0.35325,0.75000,0.01171,0.00216,0.98829,0.64675,29,4,8,3,1861,925,2773,2315,1
0.700,1.000,0.000,0.00000,0.35590,0.55556,0.00177,0.00078,0.99823,0.64410,5,0,2,2,1885,929,2779,2316,1
0.725,-1.000,0.000,79.50000,0.31801,0.69934,0.18730,0.04452,0.81270,0.68199,446,82,193,34,1444,847,2588,2284,1
0.725,-0.975,0.000,78.00000,0.31839,0.70081,0.18446,0.04354,0.81554,0.68161,439,81,189,33,1451,848,2592,2285,1
0.725,-0.900,0.000,75.50000,0.31927,0.70522,0.17737,0.04099,0.82263,0.68073,426,74,180,29,1464,855,2601,2289,1
0.725,-0.825,0.000,69.00000,0.32066,0.70833,0.16885,0.03844,0.83115,0.67934,403,73,167,29,1487,856,2614,2289,1
0.725,-0.650,0.000,63.50000,0.32407,0.71119,0.15112,0.03393,0.84888,0.67593,361,65,150,23,1529,864,2631,2295,1
0.725,-0.625,0.000,62.50000,0.32483,0.71111,0.14757,0.03314,0.85243,0.67517,352,64,147,22,1538,865,2634,2296,1
0.725,-0.575,0.000,60.50000,0.32672,0.70641,0.14083,0.03236,0.85917,0.67328,337,60,143,22,1553,869,2638,2296,1
0.725,-0.500,0.000,57.00000,0.32900,0.70342,0.13125,0.03059,0.86875,0.67100,318,52,135,21,1572,877,2646,2297,1
0.725,-0.450,0.000,54.50000,0.32975,0.70717,0.12593,0.02883,0.87407,0.67025,306,49,128,19,1584,880,2653,2299,1
0.725,-0.350,0.000,48.00000,0.33089,0.71678,0.11671,0.02550,0.88329,0.66911,287,42,113,17,1603,887,2668,2301,1
0.725,-0.275,0.000,42.00000,0.33291,0.71838,0.10678,0.02314,0.89322,0.66709,263,38,101,17,1627,891,2680,2301,1
0.725,-0.200,0.000,37.00000,0.33367,0.73228,0.09897,0.02000,0.90103,0.66633,247,32,88,14,1643,897,2693,2304,1
0.725,-0.125,0.000,33.00000,0.33519,0.73371,0.09188,0.01843,0.90812,0.66481,233,26,80,14,1657,903,2701,2304,1
0.725,-0.100,0.000,32.00000,0.33544,0.73761,0.08975,0.01765,0.91025,0.66456,227,26,77,13,1663,903,2704,2305,1
0.725,-0.075,0.000,30.00000,0.33632,0.73780,0.08585,0.01687,0.91415,0.66368,216,26,73,13,1674,903,2708,2305,1
0.725,0.025,0.000,26.50000,0.33910,0.72945,0.07556,0.01549,0.92444,0.66090,188,25,66,13,1702,904,2715,2305,1
0.725,0.050,0.000,25.50000,0.33986,0.72695,0.07272,0.01510,0.92728,0.66014,180,25,64,13,1710,904,2717,2305,1
0.725,0.100,0.000,24.50000,0.34087,0.72556,0.06846,0.01432,0.93154,0.65913,172,21,61,12,1718,908,2720,2306,1
0.725,0.175,0.000,22.50000,0.34213,0.72541,0.06279,0.01314,0.93721,0.65787,160,17,56,11,1730,912,2725,2307,1
0.725,0.275,0.000,18.00000,0.34276,0.74648,0.05640,0.01059,0.94360,0.65724,145,14,45,9,1745,915,2736,2309,1
0.725,0.300,0.000,16.00000,0.34276,0.75610,0.05498,0.00981,0.94502,0.65724,141,14,41,9,1749,915,2740,2309,1
0.725,0.325,0.000,15.50000,0.34289,0.76263,0.05357,0.00922,0.94643,0.65711,137,14,39,8,1753,915,2742,2310,1
0.725,0.400,0.000,12.00000,0.34504,0.76048,0.04505,0.00784,0.95495,0.65496,114,13,32,8,1776,916,2749,2310,1
0.725,0.550,0.000,5.50000,0.34819,0.76724,0.03157,0.00530,0.96843,0.65181,83,6,19,8,1807,923,2762,2310,1
0.725,0.575,0.000,5.00000,0.34857,0.76577,0.03015,0.00510,0.96985,0.65143,79,6,18,8,1811,923,2763,2310,1
0.725,0.750,0.000,3.00000,0.35287,0.73585,0.01383,0.00275,0.98617,0.64713,35,4,10,4,1855,925,2771,2314,1
0.725,0.775,0.000,2.50000,0.35325,0.75000,0.01171,0.00216,0.98829,0.64675,29,4,8,3,1861,925,2773,2315,1
0.725,0.850,0.000,1.50000,0.35438,0.74074,0.00709,0.00137,0.99291,0.64562,18,2,5,2,1872,927,2776,2316,1
0.725,0.950,0.000,0.00000,0.35590,0.55556,0.00177,0.00078,0.99823,0.64410,5,0,2,2,1885,929,2779,2316,1
0.725,0.975,0.000,0.00000,0.35628,0.33333,0.00071,0.00078,0.99929,0.64372,2,0,2,2,1888,929,2779,2316,1
0.750,-1.000,0.000,64.00000,0.32369,0.70513,0.15608,0.03609,0.84392,0.67631,373,67,156,28,1517,862,2625,2290,1
0.750,-0.850,0.000,59.00000,0.32597,0.71174,0.14189,0.03177,0.85811,0.67403,338,62,140,22,1552,867,2641,2296,1
0.750,-0.800,0.000,56.50000,0.32723,0.71033,0.13657,0.03079,0.86343,0.67277,328,57,135,22,1562,872,2646,2296,1
0.750,-0.700,0.000,52.00000,0.32925,0.71371,0.12558,0.02785,0.87442,0.67075,305,49,123,19,1585,880,2658,2299,1
0.750,-0.650,0.000,51.00000,0.32988,0.71429,0.12238,0.02706,0.87762,0.67012,298,47,120,18,1592,882,2661,2300,1
0.750,-0.575,0.000,46.50000,0.33089,0.71965,0.11564,0.02491,0.88436,0.66911,287,39,110,17,1603,890,2671,2301,1
0.750,-0.500,0.000,43.00000,0.33241,0.71897,0.10890,0.02353,0.89110,0.66759,270,37,103,17,1620,892,2678,2301,1
0.750,-0.475,0.000,40.00000,0.33291,0.72263,0.10536,0.02236,0.89464,0.66709,261,36,97,17,1629,893,2684,2301,1
0.750,-0.400,0.000,34.50000,0.33405,0.73387,0.09684,0.01942,0.90316,0.66595,243,30,84,15,1647,899,2697,2303,1
0.750,-0.300,0.000,31.50000,0.33607,0.73235,0.08833,0.01785,0.91167,0.66393,224,25,77,14,1666,904,2704,2304,1
0.750,-0.200,0.000,27.00000,0.33847,0.73244,0.07769,0.01569,0.92231,0.66153,194,25,67,13,1696,904,2714,2305,1
0.750,-0.175,0.000,26.00000,0.33885,0.73288,0.07591,0.01530,0.92409,0.66115,189,25,65,13,1701,904,2716,2305,1
0.750,0.150,0.000,18.00000,0.34264,0.75238,0.05605,0.01020,0.94395,0.65736,143,15,44,8,1747,914,2737,2310,1
0.750,0.175,0.000,16.00000,0.34276,0.76119,0.05427,0.00941,0.94573,0.65724,139,14,40,8,1751,915,2741,2310,1
0.750,0.225,0.000,14.50000,0.34390,0.75806,0.05002,0.00883,0.94998,0.65610,127,14,37,8,1763,915,2744,2310,1
0.750,0.350,0.000,9.00000,0.34680,0.75887,0.03796,0.00667,0.96204,0.65320,99,8,26,8,1791,921,2755,2310,1
0.750,0.400,0.000,7.00000,0.34744,0.76562,0.03476,0.00588,0.96524,0.65256,91,7,22,8,1799,922,2759,2310,1
0.750,0.475,0.000,4.50000,0.34845,0.77273,0.03015,0.00490,0.96985,0.65155,79,6,17,8,1811,923,2764,2310,1
0.750,0.575,0.000,4.00000,0.35097,0.76316,0.02057,0.00353,0.97943,0.64903,53,5,13,5,1837,924,2768,2313,1
0.750,0.650,0.000,3.00000,0.35287,0.71930,0.01454,0.00314,0.98546,0.64713,38,3,11,5,1852,926,2770,2313,1
0.750,0.775,0.000,1.50000,0.35451,0.73077,0.00674,0.00137,0.99326,0.64549,17,2,5,2,1873,927,2776,2316,1
0.750,0.975,0.000,0.00000,0.35653,0.00000,0.00000,0.00078,1.00000,0.64347,0,0,2,2,1890,929,2779,2316,1
0.775,-1.000,0.000,53.50000,0.32925,0.70949,0.12735,0.02883,0.87265,0.67075,311,48,127,20,1579,881,2654,2298,1
0.775,-0.825,0.000,44.00000,0.33102,0.72398,0.11352,0.02393,0.88648,0.66898,282,38,105,17,1608,891,2676,2301,1
0.775,-0.625,0.000,33.00000,0.33392,0.73585,0.09684,0.01922,0.90316,0.66608,242,31,82,16,1648,898,2699,2302,1
0.775,-0.575,0.000,31.50000,0.33468,0.74074,0.09223,0.01785,0.90777,0.66532,232,28,77,14,1658,901,2704,2304,1
0.775,-0.475,0.000,28.50000,0.33733,0.73270,0.08265,0.01667,0.91735,0.66267,209,24,71,14,1681,905,2710,2304,1
0.775,-0.450,0.000,27.50000,0.33784,0.73226,0.08053,0.01628,0.91947,0.66216,203,24,69,14,1687,905,2712,2304,1
0.775,-0.275,0.000,24.00000,0.34074,0.72830,0.06846,0.01412,0.93154,0.65926,171,22,60,12,1719,907,2721,2306,1
0.775,0.025,0.000,16.50000,0.34314,0.75500,0.05357,0.00961,0.94643,0.65686,136,15,41,8,1754,914,2740,2310,1
0.775,0.075,0.000,14.50000,0.34377,0.75936,0.05037,0.00883,0.94963,0.65623,128,14,37,8,1762,915,2744,2310,1
0.775,0.200,0.000,8.50000,0.34643,0.76761,0.03867,0.00647,0.96133,0.65357,101,8,25,8,1789,921,2756,2310,1
0.775,0.250,0.000,6.00000,0.34668,0.78462,0.03618,0.00549,0.96382,0.65332,95,7,20,8,1795,922,2761,2310,1
0.775,0.325,0.000,5.50000,0.34832,0.76522,0.03122,0.00530,0.96878,0.65168,82,6,19,8,1808,923,2762,2310,1
0.775,0.375,0.000,5.00000,0.34895,0.76923,0.02838,0.00471,0.97162,0.65105,74,6,17,7,1816,923,2764,2311,1
0.775,0.425,0.000,4.50000,0.34958,0.78652,0.02483,0.00373,0.97517,0.65042,65,5,14,5,1825,924,2767,2313,1
0.775,0.700,0.000,1.50000,0.35413,0.75862,0.00780,0.00137,0.99220,0.64587,20,2,5,2,1870,927,2776,2316,1
0.775,0.975,0.000,0.50000,0.35640,0.00000,0.00000,0.00059,1.00000,0.64360,0,0,2,1,1890,929,2779,2317,1
0.800,-1.000,0.000,38.00000,0.33329,0.72500,0.10287,0.02157,0.89713,0.66671,257,33,93,17,1633,896,2688,2301,1
0.800,-0.900,0.000,33.00000,0.33418,0.73442,0.09613,0.01922,0.90387,0.66582,240,31,82,16,1650,898,2699,2302,1
0.800,-0.875,0.000,32.00000,0.33430,0.73889,0.09436,0.01843,0.90564,0.66570,237,29,79,15,1653,900,2702,2303,1
0.800,-0.825,0.000,30.50000,0.33556,0.73824,0.08904,0.01745,0.91096,0.66444,223,28,75,14,1667,901,2706,2304,1
0.800,-0.675,0.000,27.50000,0.33872,0.72910,0.07733,0.01589,0.92267,0.66128,194,24,68,13,1696,905,2713,2305,1
0.800,-0.550,0.000,24.50000,0.33998,0.73260,0.07095,0.01432,0.92905,0.66002,176,24,61,12,1714,905,2720,2306,1
0.800,-0.375,0.000,23.50000,0.34163,0.73361,0.06350,0.01275,0.93650,0.65837,161,18,56,9,1729,911,2725,2309,1
0.800,-0.300,0.000,21.50000,0.34289,0.73423,0.05782,0.01157,0.94218,0.65711,146,17,51,8,1744,912,2730,2310,1
0.800,-0.250,0.000,19.50000,0.34339,0.73810,0.05498,0.01079,0.94502,0.65661,140,15,47,8,1750,914,2734,2310,1
0.800,-0.200,0.000,17.00000,0.34339,0.75000,0.05321,0.00981,0.94679,0.65661,135,15,42,8,1755,914,2739,2310,1
0.800,-0.175,0.000,16.50000,0.34339,0.75253,0.05286,0.00961,0.94714,0.65661,134,15,41,8,1756,914,2740,2310,1
0.800,-0.150,0.000,15.50000,0.34352,0.75648,0.05179,0.00922,0.94821,0.65648,133,13,39,8,1757,916,2742,2310,1
0.800,-0.075,0.000,12.50000,0.34403,0.76836,0.04824,0.00804,0.95176,0.65597,125,11,33,8,1765,918,2748,2310,1
0.800,0.075,0.000,6.00000,0.34668,0.78462,0.03618,0.00549,0.96382,0.65332,96,6,20,8,1794,923,2761,2310,1
0.800,0.250,0.000,4.50000,0.34895,0.77451,0.02802,0.00451,0.97198,0.65105,74,5,16,7,1816,924,2765,2311,1
0.800,0.300,0.000,4.00000,0.34958,0.78022,0.02519,0.00392,0.97481,0.65042,66,5,14,6,1824,924,2767,2312,1
0.800,0.625,0.000,2.00000,0.35426,0.76923,0.00709,0.00118,0.99291,0.64574,18,2,5,1,1872,927,2776,2317,1
0.800,0.725,0.000,0.50000,0.35552,0.70000,0.00248,0.00059,0.99752,0.64448,7,0,2,1,1883,929,2779,2317,1
0.800,0.850,0.000,0.50000,0.35640,0.00000,0.00000,0.00059,1.00000,0.64360,0,0,2,1,1890,929,2779,2317,1
0.825,-1.000,0.000,28.00000,0.33872,0.72757,0.07769,0.01608,0.92231,0.66128,195,24,69,13,1695,905,2712,2305,1
0.825,-0.925,0.000,26.50000,0.33923,0.72852,0.07520,0.01549,0.92480,0.66077,188,24,66,13,1702,905,2715,2305,1
0.825,-0.825,0.000,25.50000,0.33998,0.73260,0.07095,0.01432,0.92905,0.66002,176,24,62,11,1714,905,2719,2307,1
0.825,-0.725,0.000,24.00000,0.34074,0.73541,0.06705,0.01334,0.93295,0.65926,167,22,58,10,1723,907,2723,2308,1
0.825,-0.675,0.000,23.00000,0.34150,0.73663,0.06350,0.01255,0.93650,0.65850,159,20,55,9,1731,909,2726,2309,1
0.825,-0.350,0.000,14.00000,0.34377,0.76216,0.05002,0.00863,0.94998,0.65623,130,11,36,8,1760,918,2745,2310,1
0.825,-0.125,0.000,8.00000,0.34643,0.77941,0.03760,0.00588,0.96240,0.65357,100,6,23,7,1790,923,2758,2311,1
0.825,-0.100,0.000,7.00000,0.34655,0.78626,0.03654,0.00549,0.96346,0.65345,97,6,21,7,1793,923,2760,2311,1
0.825,-0.075,0.000,6.50000,0.34680,0.78740,0.03547,0.00530,0.96453,0.65320,94,6,20,7,1796,923,2761,2311,1
0.825,0.050,0.000,5.50000,0.34895,0.76415,0.02873,0.00490,0.97127,0.65105,76,5,18,7,1814,924,2763,2311,1
0.825,0.175,0.000,4.50000,0.34996,0.79268,0.02306,0.00333,0.97694,0.65004,61,4,13,4,1829,925,2768,2314,1
0.825,0.475,0.000,3.00000,0.35413,0.74194,0.00816,0.00157,0.99184,0.64587,21,2,7,1,1869,927,2774,2317,1
0.825,0.600,0.000,1.00000,0.35514,0.73333,0.00390,0.00078,0.99610,0.64486,10,1,3,1,1880,928,2778,2317,1
0.825,0.625,0.000,0.50000,0.35527,0.75000,0.00319,0.00059,0.99681,0.64473,8,1,2,1,1882,928,2779,2317,1
0.825,0.650,0.000,0.00000,0.35552,0.75000,0.00213,0.00039,0.99787,0.64448,6,0,1,1,1884,929,2780,2317,1
0.825,0.675,0.000,0.00000,0.35565,0.71429,0.00177,0.00039,0.99823,0.64435,5,0,1,1,1885,929,2780,2317,1
0.850,-1.000,0.000,22.50000,0.34112,0.74180,0.06421,0.01236,0.93579,0.65888,160,21,54,9,1730,908,2727,2309,1
0.850,-0.875,0.000,20.00000,0.34251,0.74429,0.05782,0.01098,0.94218,0.65749,147,16,48,8,1743,913,2733,2310,1
0.850,-0.700,0.000,16.50000,0.34390,0.75263,0.05073,0.00922,0.94927,0.65610,132,11,40,7,1758,918,2741,2311,1
0.850,-0.675,0.000,16.50000,0.34390,0.75263,0.05073,0.00922,0.94927,0.65610,132,11,40,7,1758,918,2741,2311,1
0.850,-0.600,0.000,14.00000,0.34403,0.76536,0.04860,0.00824,0.95140,0.65597,126,11,35,7,1764,918,2746,2311,1
0.850,-0.575,0.000,13.50000,0.34415,0.76705,0.04789,0.00804,0.95211,0.65585,124,11,34,7,1766,918,2747,2311,1
0.850,-0.400,0.000,9.50000,0.34567,0.77703,0.04079,0.00647,0.95921,0.65433,107,8,26,7,1783,921,2755,2311,1
0.850,-0.375,0.000,8.50000,0.34592,0.78169,0.03938,0.00608,0.96062,0.65408,103,8,24,7,1787,921,2757,2311,1
0.850,-0.350,0.000,7.50000,0.34655,0.78195,0.03689,0.00569,0.96311,0.65345,98,6,22,7,1792,923,2759,2311,1
0.850,-0.325,0.000,7.50000,0.34655,0.78195,0.03689,0.00569,0.96311,0.65345,98,6,22,7,1792,923,2759,2311,1
0.850,-0.275,0.000,5.50000,0.34680,0.79675,0.03476,0.00490,0.96524,0.65320,92,6,18,7,1798,923,2763,2311,1
0.850,0.025,0.000,4.00000,0.35097,0.77778,0.01987,0.00314,0.98013,0.64903,53,3,12,4,1837,926,2769,2314,1
0.850,0.300,0.000,2.50000,0.35400,0.73529,0.00887,0.00177,0.99113,0.64600,23,2,7,2,1867,927,2774,2316,1
0.850,0.475,0.000,0.50000,0.35489,0.80000,0.00426,0.00059,0.99574,0.64511,11,1,2,1,1879,928,2779,2317,1
0.850,0.575,0.000,0.00000,0.35552,0.75000,0.00213,0.00039,0.99787,0.64448,6,0,1,1,1884,929,2780,2317,1
0.875,-1.000,0.000,15.50000,0.34428,0.75410,0.04895,0.00883,0.95105,0.65572,127,11,38,7,1763,918,2743,2311,1
0.875,-0.975,0.000,15.00000,0.34428,0.75691,0.04860,0.00863,0.95140,0.65572,126,11,37,7,1764,918,2744,2311,1
0.875,-0.950,0.000,15.00000,0.34428,0.75691,0.04860,0.00863,0.95140,0.65572,126,11,37,7,1764,918,2744,2311,1
0.875,-0.900,0.000,13.00000,0.34428,0.76879,0.04718,0.00784,0.95282,0.65572,122,11,33,7,1768,918,2748,2311,1
0.875,-0.725,0.000,10.50000,0.34567,0.76974,0.04150,0.00686,0.95850,0.65433,108,9,28,7,1782,920,2753,2311,1
0.875,-0.700,0.000,10.00000,0.34605,0.76871,0.04009,0.00667,0.95991,0.65395,104,9,27,7,1786,920,2754,2311,1
0.875,-0.650,0.000,9.00000,0.34605,0.78417,0.03867,0.00588,0.96133,0.65395,101,8,24,6,1789,921,2757,2312,1
0.875,-0.600,0.000,7.50000,0.34643,0.79231,0.03654,0.00530,0.96346,0.65357,97,6,21,6,1793,923,2760,2312,1
0.875,-0.500,0.000,6.00000,0.34756,0.79130,0.03228,0.00471,0.96772,0.65244,85,6,18,6,1805,923,2763,2312,1
0.875,-0.275,0.000,5.00000,0.34933,0.79775,0.02519,0.00353,0.97481,0.65067,67,4,14,4,1823,925,2767,2314,1
0.875,-0.225,0.000,4.50000,0.34996,0.79268,0.02306,0.00333,0.97694,0.65004,62,3,13,4,1828,926,2768,2314,1
0.875,0.050,0.000,3.50000,0.35325,0.72917,0.01242,0.00255,0.98758,0.64675,33,2,10,3,1857,927,2771,2315,1
0.875,0.100,0.000,3.00000,0.35426,0.68421,0.00922,0.00235,0.99078,0.64574,24,2,9,3,1866,927,2772,2315,1
0.875,0.125,0.000,3.00000,0.35426,0.70588,0.00851,0.00196,0.99149,0.64574,22,2,8,2,1868,927,2773,2316,1
0.875,0.300,0.000,1.00000,0.35489,0.76471,0.00461,0.00078,0.99539,0.64511,12,1,3,1,1878,928,2778,2317,1
0.875,0.400,0.000,0.00000,0.35501,0.83333,0.00355,0.00039,0.99645,0.64499,9,1,1,1,1881,928,2780,2317,1
0.875,0.575,0.000,0.00000,0.35602,0.50000,0.00071,0.00039,0.99929,0.64398,2,0,1,1,1888,929,2780,2317,1
0.900,-1.000,0.000,9.00000,0.34655,0.77778,0.03725,0.00588,0.96275,0.65345,97,8,24,6,1793,921,2757,2312,1
0.900,-0.975,0.000,8.50000,0.34668,0.78030,0.03654,0.00569,0.96346,0.65332,95,8,23,6,1795,921,2758,2312,1
0.900,-0.900,0.000,7.00000,0.34706,0.78862,0.03441,0.00510,0.96559,0.65294,91,6,20,6,1799,923,2761,2312,1
0.900,-0.775,0.000,6.50000,0.34794,0.80189,0.03015,0.00412,0.96985,0.65206,80,5,17,4,1810,924,2764,2314,1
0.900,-0.625,0.000,5.50000,0.34895,0.79787,0.02661,0.00373,0.97339,0.65105,71,4,15,4,1819,925,2766,2314,1
0.900,-0.525,0.000,4.50000,0.34984,0.79518,0.02341,0.00333,0.97659,0.65016,63,3,13,4,1827,926,2768,2314,1
0.900,0.100,0.000,1.00000,0.35489,0.76471,0.00461,0.00078,0.99539,0.64511,12,1,3,1,1878,928,2778,2317,1
0.900,0.175,0.000,0.50000,0.35501,0.78571,0.00390,0.00059,0.99610,0.64499,10,1,2,1,1880,928,2779,2317,1
0.900,0.200,0.000,0.50000,0.35501,0.78571,0.00390,0.00059,0.99610,0.64499,10,1,2,1,1880,928,2779,2317,1
0.900,0.575,0.000,0.00000,0.35602,0.00000,0.00000,0.00000,1.00000,0.64398,0,0,0,0,1890,929,2781,2318,1
0.925,-1.000,0.000,4.50000,0.34958,0.80000,0.02412,0.00333,0.97588,0.65042,65,3,13,4,1825,926,2768,2314,1
0.925,-0.950,0.000,4.00000,0.34971,0.80488,0.02341,0.00314,0.97659,0.65029,63,3,12,4,1827,926,2769,2314,1
0.925,-0.525,0.000,3.00000,0.35325,0.76190,0.01135,0.00196,0.98865,0.64675,30,2,8,2,1860,927,2773,2316,1
0.925,-0.400,0.000,2.00000,0.35438,0.72414,0.00745,0.00157,0.99255,0.64562,20,1,6,2,1870,928,2775,2316,1
0.925,-0.375,0.000,2.00000,0.35438,0.72414,0.00745,0.00157,0.99255,0.64562,20,1,6,2,1870,928,2775,2316,1
0.925,-0.250,0.000,1.50000,0.35476,0.75000,0.00532,0.00098,0.99468,0.64524,14,1,4,1,1876,928,2777,2317,1
0.925,0.575,0.000,0.00000,0.35602,0.00000,0.00000,0.00000,1.00000,0.64398,0,0,0,0,1890,929,2781,2318,1
0.950,-1.000,0.000,2.50000,0.35388,0.74286,0.00922,0.00177,0.99078,0.64612,25,1,7,2,1865,928,2774,2316,1
0.950,-0.875,0.000,2.00000,0.35451,0.71429,0.00709,0.00157,0.99291,0.64549,19,1,6,2,1871,928,2775,2316,1
0.950,-0.850,0.000,2.00000,0.35451,0.71429,0.00709,0.00157,0.99291,0.64549,19,1,6,2,1871,928,2775,2316,1
0.950,-0.475,0.000,0.00000,0.35489,0.84615,0.00390,0.00039,0.99610,0.64511,10,1,1,1,1880,928,2780,2317,1
0.950,0.575,0.000,0.00000,0.35602,0.00000,0.00000,0.00000,1.00000,0.64398,0,0,0,0,1890,929,2781,2318,1
0.975,-1.000,0.000,0.50000,0.35514,0.88889,0.00284,0.00020,0.99716,0.64486,8,0,1,0,1882,929,2780,2318,1
0.975,-0.575,0.000,0.00000,0.35602,0.00000,0.00000,0.00000,1.00000,0.64398,0,0,0,0,1890,929,2781,2318,1
1.000,-0.575,0.000,0.00000,0.35602,0.00000,0.00000,0.00000,1.00000,0.64398,0,0,0,0,1890,929,2781,2318,1
