0,0.025,0.63627,235,0.36246,0.99860,0.99644,0.00140,0.36373,940,491,1376,1141,2,0,7,2,1
1,0.025,0.63577,243,0.36278,1.00000,0.99644,0.00000,0.36423,942,491,1380,1137,0,0,3,6,1
2,0.050,0.63476,227,0.36287,0.99721,0.99327,0.00279,0.36524,938,491,1368,1141,4,0,15,2,1
3,0.050,0.63400,247,0.36336,0.99930,0.99327,0.00070,0.36600,941,491,1378,1131,1,0,5,12,1
4,0.050,0.63349,248,0.36347,0.99860,0.99208,0.00140,0.36651,940,491,1377,1129,2,0,6,14,1
5,0.050,0.63299,249,0.36373,0.99930,0.99169,0.00070,0.36701,941,491,1377,1128,1,0,6,15,1
6,0.050,0.63299,250,0.36366,0.99860,0.99129,0.00140,0.36701,941,490,1377,1127,1,1,6,16,1
7,0.050,0.63274,251,0.36375,0.99860,0.99089,0.00140,0.36726,941,490,1377,1126,1,1,6,17,1
8,0.050,0.63248,252,0.36384,0.99860,0.99050,0.00140,0.36752,941,490,1377,1125,1,1,6,18,1
9,0.050,0.63198,253,0.36396,0.99791,0.98931,0.00209,0.36802,940,490,1376,1123,2,1,7,20,1
10,0.050,0.63173,254,0.36405,0.99791,0.98892,0.00209,0.36827,940,490,1376,1122,2,1,7,21,1
11,0.050,0.63071,257,0.36435,0.99721,0.98694,0.00279,0.36929,940,489,1375,1118,2,2,8,25,1
12,0.050,0.62996,260,0.36463,0.99721,0.98575,0.00279,0.37004,940,489,1375,1115,2,2,8,28,1
13,0.050,0.62945,264,0.36468,0.99581,0.98416,0.00419,0.37055,940,487,1375,1111,2,4,8,32,1
14,0.050,0.62768,267,0.36534,0.99581,0.98139,0.00419,0.37232,940,487,1373,1106,2,4,10,37,1
15,0.050,0.62617,268,0.36583,0.99512,0.97862,0.00488,0.37383,939,487,1370,1102,3,4,13,41,1
16,0.050,0.62491,270,0.36637,0.99581,0.97704,0.00419,0.37509,940,487,1369,1099,2,4,14,44,1
17,0.050,0.62491,271,0.36630,0.99512,0.97664,0.00488,0.37509,939,487,1369,1098,3,4,14,45,1
18,0.050,0.62440,273,0.36649,0.99512,0.97585,0.00488,0.37560,939,487,1369,1096,3,4,14,47,1
19,0.050,0.62339,276,0.36680,0.99442,0.97387,0.00558,0.37661,939,486,1368,1092,3,5,15,51,1
20,0.050,0.62112,285,0.36765,0.99442,0.97031,0.00558,0.37888,939,486,1368,1083,3,5,15,60,1
21,0.050,0.61985,292,0.36799,0.99302,0.96754,0.00698,0.38015,939,484,1368,1076,3,7,15,67,1
22,0.050,0.61632,297,0.36925,0.99232,0.96160,0.00768,0.38368,939,483,1363,1066,3,8,20,77,1
23,0.075,0.63299,223,0.36345,0.99651,0.99010,0.00349,0.36701,938,490,1362,1139,4,1,21,4,1
24,0.075,0.63223,224,0.36373,0.99651,0.98892,0.00349,0.36777,938,490,1361,1137,4,1,22,6,1
25,0.075,0.62869,262,0.36489,0.99512,0.98258,0.00488,0.37131,938,488,1372,1110,4,3,11,33,1
26,0.075,0.62794,265,0.36517,0.99512,0.98139,0.00488,0.37206,938,488,1372,1107,4,3,11,36,1
27,0.075,0.62642,268,0.36567,0.99442,0.97862,0.00558,0.37358,938,487,1370,1102,4,4,13,41,1
28,0.075,0.62491,272,0.36609,0.99302,0.97546,0.00698,0.37509,937,486,1368,1096,5,5,15,47,1
29,0.075,0.62465,273,0.36619,0.99302,0.97506,0.00698,0.37535,937,486,1368,1095,5,5,15,48,1
30,0.075,0.62314,276,0.36668,0.99232,0.97229,0.00768,0.37686,937,485,1366,1090,5,6,17,53,1
31,0.075,0.62187,279,0.36716,0.99232,0.97031,0.00768,0.37813,937,485,1365,1086,5,6,18,57,1
32,0.075,0.62162,280,0.36725,0.99232,0.96991,0.00768,0.37838,937,485,1365,1085,5,6,18,58,1
33,0.075,0.62137,281,0.36735,0.99232,0.96952,0.00768,0.37863,937,485,1365,1084,5,6,18,59,1
34,0.075,0.62011,286,0.36782,0.99232,0.96754,0.00768,0.37989,937,485,1365,1079,5,6,18,64,1
35,0.075,0.61581,296,0.36924,0.99023,0.95962,0.00977,0.38419,937,482,1360,1064,5,9,23,79,1
36,0.075,0.61430,298,0.36982,0.99023,0.95724,0.00977,0.38570,937,482,1358,1060,5,9,25,83,1
37,0.075,0.61152,301,0.37075,0.98883,0.95210,0.01117,0.38848,936,481,1353,1052,6,10,30,91,1
38,0.075,0.61152,302,0.37082,0.98953,0.95249,0.01047,0.38848,936,482,1354,1052,6,9,29,91,1
39,0.075,0.60950,307,0.37153,0.98883,0.94893,0.01117,0.39050,936,481,1352,1045,6,10,31,98,1
40,0.075,0.60924,308,0.37162,0.98883,0.94854,0.01117,0.39076,936,481,1352,1044,6,10,31,99,1
41,0.075,0.60924,309,0.37156,0.98814,0.94814,0.01186,0.39076,935,481,1352,1043,7,10,31,100,1
42,0.075,0.60470,313,0.37319,0.98674,0.94022,0.01326,0.39530,935,479,1344,1031,7,12,39,112,1
43,0.075,0.60445,314,0.37328,0.98674,0.93983,0.01326,0.39555,935,479,1344,1030,7,12,39,113,1
44,0.075,0.60318,316,0.37358,0.98465,0.93666,0.01535,0.39682,934,477,1341,1025,8,14,42,118,1
45,0.075,0.60116,319,0.37444,0.98535,0.93389,0.01465,0.39884,935,477,1339,1020,7,14,44,123,1
46,0.075,0.59990,323,0.37487,0.98465,0.93151,0.01535,0.40010,935,476,1338,1015,7,15,45,128,1
47,0.075,0.59813,331,0.37550,0.98395,0.92835,0.01605,0.40187,934,476,1338,1007,8,15,45,136,1
48,0.075,0.59662,337,0.37597,0.98255,0.92518,0.01745,0.40338,933,475,1337,1000,9,16,46,143,1
49,0.075,0.59662,338,0.37590,0.98186,0.92478,0.01814,0.40338,932,475,1337,999,10,16,46,144,1
50,0.075,0.59560,341,0.37624,0.98116,0.92280,0.01884,0.40440,933,473,1336,995,9,18,47,148,1
51,0.075,0.59207,349,0.37765,0.98116,0.91726,0.01884,0.40793,933,473,1333,984,9,18,50,159,1
52,0.075,0.58752,362,0.37942,0.98046,0.90974,0.01954,0.41248,933,472,1330,968,9,19,53,175,1
53,0.075,0.58752,364,0.37916,0.97767,0.90816,0.02233,0.41248,932,469,1329,965,10,22,54,178,1
54,0.100,0.62970,222,0.36424,0.99232,0.98258,0.00768,0.37030,933,489,1352,1130,9,2,31,13,1
55,0.100,0.62592,260,0.36585,0.99442,0.97783,0.00558,0.37408,938,487,1365,1105,4,4,18,38,1
56,0.100,0.62566,261,0.36595,0.99442,0.97743,0.00558,0.37434,938,487,1365,1104,4,4,18,39,1
57,0.100,0.62491,264,0.36595,0.99163,0.97466,0.00837,0.37509,937,484,1363,1099,5,7,20,44,1
58,0.100,0.62440,266,0.36614,0.99163,0.97387,0.00837,0.37560,937,484,1363,1097,5,7,20,46,1
59,0.100,0.62364,269,0.36670,0.99442,0.97427,0.00558,0.37636,938,487,1365,1096,4,4,18,47,1
60,0.100,0.62263,271,0.36680,0.99163,0.97110,0.00837,0.37737,937,484,1362,1091,5,7,21,52,1
61,0.100,0.62213,273,0.36699,0.99163,0.97031,0.00837,0.37787,937,484,1362,1089,5,7,21,54,1
62,0.100,0.62061,277,0.36756,0.99163,0.96793,0.00837,0.37939,937,484,1361,1084,5,7,22,59,1
63,0.100,0.61581,285,0.36931,0.99093,0.96002,0.00907,0.38419,937,483,1355,1070,5,8,28,73,1
64,0.100,0.61556,286,0.36941,0.99093,0.95962,0.00907,0.38444,937,483,1355,1069,5,8,28,74,1
65,0.100,0.61455,288,0.36979,0.99093,0.95804,0.00907,0.38545,937,483,1354,1066,5,8,29,77,1
66,0.100,0.61430,289,0.36989,0.99093,0.95764,0.00907,0.38570,937,483,1354,1065,5,8,29,78,1
67,0.100,0.61354,292,0.37018,0.99093,0.95645,0.00907,0.38646,937,483,1354,1062,5,8,29,81,1
68,0.100,0.61228,295,0.37066,0.99093,0.95447,0.00907,0.38772,937,483,1353,1058,5,8,30,85,1
69,0.100,0.61127,298,0.37098,0.99023,0.95249,0.00977,0.38873,937,482,1352,1054,5,9,31,89,1
70,0.100,0.61101,299,0.37108,0.99023,0.95210,0.00977,0.38899,937,482,1352,1053,5,9,31,90,1
71,0.100,0.61101,300,0.37101,0.98953,0.95170,0.01047,0.38899,937,481,1352,1052,5,10,31,91,1
72,0.100,0.61076,301,0.37111,0.98953,0.95131,0.01047,0.38924,937,481,1352,1051,5,10,31,92,1
73,0.100,0.61051,302,0.37120,0.98953,0.95091,0.01047,0.38949,937,481,1352,1050,5,10,31,93,1
74,0.100,0.61026,303,0.37130,0.98953,0.95051,0.01047,0.38974,937,481,1352,1049,5,10,31,94,1
75,0.100,0.60823,305,0.37181,0.98674,0.94576,0.01326,0.39177,934,480,1347,1042,8,11,36,101,1
76,0.100,0.60823,306,0.37188,0.98744,0.94616,0.01256,0.39177,934,481,1348,1042,8,10,35,101,1
77,0.100,0.60596,308,0.37256,0.98535,0.94141,0.01465,0.39404,934,478,1343,1035,8,13,40,108,1
78,0.100,0.60495,310,0.37295,0.98535,0.93983,0.01465,0.39505,934,478,1342,1032,8,13,41,111,1
79,0.100,0.60394,312,0.37335,0.98535,0.93824,0.01465,0.39606,934,478,1341,1029,8,13,42,114,1
80,0.100,0.60369,313,0.37345,0.98535,0.93785,0.01465,0.39631,935,477,1341,1028,7,14,42,115,1
81,0.100,0.60369,314,0.37351,0.98604,0.93824,0.01396,0.39631,934,479,1342,1028,8,12,41,115,1
82,0.100,0.60268,316,0.37391,0.98604,0.93666,0.01396,0.39732,935,478,1341,1025,7,13,42,118,1
83,0.100,0.60141,319,0.37440,0.98604,0.93468,0.01396,0.39859,935,478,1340,1021,7,13,43,122,1
84,0.100,0.60040,321,0.37453,0.98325,0.93151,0.01675,0.39960,935,474,1337,1016,7,17,46,127,1
85,0.100,0.59990,323,0.37473,0.98325,0.93072,0.01675,0.40010,935,474,1337,1014,7,17,46,129,1
86,0.100,0.59838,327,0.37520,0.98186,0.92755,0.01814,0.40162,933,474,1335,1008,9,17,48,135,1
87,0.100,0.59737,329,0.37560,0.98186,0.92597,0.01814,0.40263,933,474,1334,1005,9,17,49,138,1
88,0.100,0.59636,334,0.37580,0.97976,0.92320,0.02024,0.40364,932,472,1333,999,10,19,50,144,1
89,0.100,0.59586,337,0.37594,0.97906,0.92201,0.02094,0.40414,932,471,1333,996,10,20,50,147,1
90,0.100,0.59510,340,0.37624,0.97906,0.92082,0.02094,0.40490,932,471,1333,993,10,20,50,150,1
91,0.100,0.59409,342,0.37664,0.97906,0.91924,0.02094,0.40591,932,471,1332,990,10,20,51,153,1
92,0.100,0.59333,344,0.37688,0.97837,0.91766,0.02163,0.40667,932,470,1331,987,10,21,52,156,1
93,0.100,0.59156,350,0.37753,0.97767,0.91449,0.02233,0.40844,931,470,1330,980,11,21,53,163,1
94,0.100,0.59055,352,0.37793,0.97767,0.91291,0.02233,0.40945,932,469,1329,977,10,22,54,166,1
95,0.100,0.58980,356,0.37817,0.97697,0.91132,0.02303,0.41020,931,469,1329,973,11,22,54,170,1
96,0.100,0.58879,359,0.37852,0.97627,0.90934,0.02373,0.41121,931,468,1328,969,11,23,55,174,1
97,0.100,0.58853,360,0.37862,0.97627,0.90895,0.02373,0.41147,931,468,1328,968,11,23,55,175,1
98,0.100,0.58752,363,0.37896,0.97558,0.90697,0.02442,0.41248,931,467,1327,964,11,24,56,179,1
99,0.100,0.58601,365,0.37945,0.97418,0.90380,0.02582,0.41399,930,466,1324,959,12,25,59,184,1
100,0.100,0.58575,366,0.37955,0.97418,0.90340,0.02582,0.41425,930,466,1324,958,12,25,59,185,1
101,0.100,0.58474,368,0.37997,0.97418,0.90182,0.02582,0.41526,930,466,1323,955,12,25,60,188,1
102,0.100,0.58399,369,0.38028,0.97418,0.90063,0.02582,0.41601,930,466,1322,953,12,25,61,190,1
103,0.100,0.58373,370,0.38038,0.97418,0.90024,0.02582,0.41627,930,466,1322,952,12,25,61,191,1
104,0.100,0.58045,375,0.38147,0.97139,0.89351,0.02861,0.41955,928,464,1316,941,14,27,67,202,1
105,0.100,0.57868,378,0.38195,0.96860,0.88915,0.03140,0.42132,925,463,1312,934,17,28,71,209,1
106,0.100,0.57843,380,0.38212,0.96930,0.88915,0.03070,0.42157,926,463,1313,933,16,28,70,210,1
107,0.100,0.57767,383,0.38230,0.96790,0.88717,0.03210,0.42233,925,462,1312,929,17,29,71,214,1
108,0.100,0.57717,385,0.38252,0.96790,0.88638,0.03210,0.42283,925,462,1312,927,17,29,71,216,1
109,0.100,0.56858,398,0.38569,0.96301,0.87015,0.03699,0.43142,923,457,1298,900,19,34,85,243,1
110,0.100,0.56681,402,0.38638,0.96232,0.86698,0.03768,0.43319,922,457,1296,894,20,34,87,249,1
111,0.100,0.56479,408,0.38687,0.95813,0.86144,0.04187,0.43521,922,451,1292,884,20,40,91,259,1
112,0.100,0.56403,409,0.38745,0.96092,0.86184,0.03908,0.43597,922,455,1293,884,20,36,90,259,1
113,0.100,0.56075,424,0.38837,0.95534,0.85352,0.04466,0.43925,922,447,1290,866,20,44,93,277,1
114,0.125,0.62592,213,0.36523,0.98814,0.97427,0.01186,0.37408,928,488,1337,1124,14,3,46,19,1
115,0.125,0.62566,244,0.36588,0.99372,0.97704,0.00628,0.37434,938,486,1356,1112,4,5,27,31,1
116,0.125,0.62566,245,0.36581,0.99302,0.97664,0.00698,0.37434,937,486,1356,1111,5,5,27,32,1
117,0.125,0.62541,246,0.36590,0.99302,0.97625,0.00698,0.37459,937,486,1356,1110,5,5,27,33,1
118,0.125,0.62465,248,0.36612,0.99232,0.97466,0.00768,0.37535,937,485,1355,1107,5,6,28,36,1
119,0.125,0.62465,250,0.36612,0.99232,0.97466,0.00768,0.37535,937,485,1356,1106,5,6,27,37,1
120,0.125,0.62389,252,0.36633,0.99163,0.97308,0.00837,0.37611,936,485,1355,1103,6,6,28,40,1
121,0.125,0.62288,253,0.36664,0.99093,0.97110,0.00907,0.37712,936,484,1353,1100,6,7,30,43,1
122,0.125,0.62137,254,0.36714,0.99023,0.96833,0.00977,0.37863,935,484,1350,1096,7,7,33,47,1
123,0.125,0.61985,255,0.36778,0.99093,0.96635,0.00907,0.38015,936,484,1348,1093,6,7,35,50,1
124,0.125,0.61910,256,0.36807,0.99093,0.96516,0.00907,0.38090,936,484,1347,1091,6,7,36,52,1
125,0.125,0.61809,259,0.36838,0.99023,0.96318,0.00977,0.38191,935,484,1346,1087,7,7,37,56,1
126,0.125,0.61783,260,0.36848,0.99023,0.96279,0.00977,0.38217,936,483,1346,1086,6,8,37,57,1
127,0.125,0.61632,261,0.36885,0.98814,0.95922,0.01186,0.38368,934,482,1342,1081,8,9,41,62,1
128,0.125,0.61556,265,0.36907,0.98744,0.95764,0.01256,0.38444,934,481,1342,1077,8,10,41,66,1
129,0.125,0.61505,269,0.36926,0.98744,0.95685,0.01256,0.38495,934,481,1343,1074,8,10,40,69,1
130,0.125,0.61505,272,0.36933,0.98814,0.95724,0.01186,0.38495,935,481,1345,1073,7,10,38,70,1
131,0.125,0.61404,273,0.36951,0.98604,0.95447,0.01396,0.38596,934,479,1342,1069,8,12,41,74,1
132,0.125,0.61354,275,0.36970,0.98604,0.95368,0.01396,0.38646,934,479,1342,1067,8,12,41,76,1
133,0.125,0.61051,277,0.37087,0.98604,0.94893,0.01396,0.38949,934,479,1337,1060,8,12,46,83,1
134,0.125,0.61000,279,0.37106,0.98604,0.94814,0.01396,0.39000,934,479,1337,1058,8,12,46,85,1
135,0.125,0.60849,283,0.37178,0.98744,0.94656,0.01256,0.39151,935,480,1337,1054,7,11,46,89,1
136,0.125,0.60748,292,0.37211,0.98674,0.94458,0.01326,0.39252,935,479,1339,1047,7,12,44,96,1
137,0.125,0.60520,297,0.37312,0.98814,0.94181,0.01186,0.39480,937,479,1338,1041,5,12,45,102,1
138,0.125,0.60470,300,0.37325,0.98744,0.94062,0.01256,0.39530,936,479,1338,1038,6,12,45,105,1
139,0.125,0.60470,301,0.37332,0.98814,0.94101,0.01186,0.39530,937,479,1339,1038,5,12,44,105,1
140,0.125,0.60344,303,0.37375,0.98744,0.93864,0.01256,0.39656,937,478,1337,1034,5,13,46,109,1
141,0.125,0.60344,304,0.37368,0.98674,0.93824,0.01326,0.39656,936,478,1337,1033,6,13,46,110,1
142,0.125,0.60293,305,0.37394,0.98744,0.93785,0.01256,0.39707,937,478,1337,1032,5,13,46,111,1
143,0.125,0.60268,306,0.37404,0.98744,0.93745,0.01256,0.39732,937,478,1337,1031,5,13,46,112,1
144,0.125,0.60141,307,0.37440,0.98604,0.93468,0.01396,0.39859,936,477,1334,1027,6,14,49,116,1
145,0.125,0.60091,311,0.37447,0.98465,0.93310,0.01535,0.39909,934,477,1334,1023,8,14,49,120,1
146,0.125,0.60015,312,0.37490,0.98604,0.93270,0.01396,0.39985,936,477,1334,1022,6,14,49,121,1
147,0.125,0.59939,314,0.37487,0.98255,0.92953,0.01745,0.40061,933,475,1331,1017,9,16,52,126,1
148,0.125,0.59864,317,0.37530,0.98395,0.92914,0.01605,0.40136,934,476,1332,1015,8,15,51,128,1
149,0.125,0.59788,318,0.37533,0.98116,0.92637,0.01884,0.40212,933,473,1329,1011,9,18,54,132,1
150,0.125,0.59763,319,0.37543,0.98116,0.92597,0.01884,0.40237,933,473,1329,1010,9,18,54,133,1
151,0.125,0.59510,321,0.37631,0.97976,0.92122,0.02024,0.40490,932,472,1324,1003,10,19,59,140,1
152,0.125,0.59434,324,0.37661,0.97976,0.92003,0.02024,0.40566,932,472,1324,1000,10,19,59,143,1
153,0.125,0.59333,328,0.37675,0.97697,0.91686,0.02303,0.40667,931,469,1322,994,11,22,61,149,1
154,0.125,0.59283,330,0.37695,0.97697,0.91607,0.02303,0.40717,931,469,1322,992,11,22,61,151,1
155,0.125,0.59207,332,0.37719,0.97627,0.91449,0.02373,0.40793,931,468,1321,989,11,23,62,154,1
156,0.125,0.59030,338,0.37784,0.97558,0.91132,0.02442,0.40970,931,467,1320,982,11,24,63,161,1
157,0.125,0.58980,340,0.37804,0.97558,0.91053,0.02442,0.41020,931,467,1320,980,11,24,63,163,1
158,0.125,0.58904,343,0.37835,0.97558,0.90934,0.02442,0.41096,931,467,1320,977,11,24,63,166,1
159,0.125,0.58879,344,0.37845,0.97558,0.90895,0.02442,0.41121,931,467,1320,976,11,24,63,167,1
160,0.125,0.58702,348,0.37910,0.97488,0.90578,0.02512,0.41298,930,467,1318,970,12,24,65,173,1
161,0.125,0.58676,349,0.37921,0.97488,0.90538,0.02512,0.41324,930,467,1318,969,12,24,65,174,1
162,0.125,0.58424,354,0.38004,0.97278,0.90024,0.02722,0.41576,929,465,1314,960,13,26,69,183,1
163,0.125,0.58222,356,0.38087,0.97278,0.89707,0.02722,0.41778,929,465,1311,955,13,26,72,188,1
164,0.125,0.58146,359,0.38106,0.97139,0.89509,0.02861,0.41854,928,464,1310,951,14,27,73,192,1
165,0.125,0.58121,360,0.38103,0.96999,0.89390,0.03001,0.41879,928,462,1309,949,14,29,74,194,1
166,0.125,0.58095,361,0.38140,0.97278,0.89509,0.02722,0.41905,929,465,1311,950,13,26,72,193,1
167,0.125,0.57742,369,0.38247,0.96860,0.88717,0.03140,0.42258,927,461,1305,936,15,30,78,207,1
168,0.125,0.57515,374,0.38343,0.96860,0.88361,0.03140,0.42485,927,461,1303,929,15,30,80,214,1
169,0.125,0.57136,383,0.38477,0.96581,0.87609,0.03419,0.42864,925,459,1298,915,17,32,85,228,1
170,0.125,0.56833,389,0.38567,0.96162,0.86896,0.03838,0.43167,923,455,1292,903,19,36,91,240,1
171,0.125,0.56454,396,0.38691,0.95743,0.86065,0.04257,0.43546,922,450,1285,889,20,41,98,254,1
172,0.125,0.56353,398,0.38748,0.95883,0.85986,0.04117,0.43647,922,452,1285,887,20,39,98,256,1
173,0.125,0.56100,405,0.38851,0.95813,0.85550,0.04187,0.43900,922,451,1283,878,20,40,100,265,1
174,0.125,0.56024,409,0.38865,0.95604,0.85313,0.04396,0.43976,922,448,1282,873,20,43,101,270,1
175,0.125,0.55873,415,0.38932,0.95604,0.85075,0.04396,0.44127,922,448,1282,867,20,43,101,276,1
176,0.125,0.55721,416,0.38992,0.95534,0.84798,0.04466,0.44279,921,448,1279,863,21,43,104,280,1
177,0.125,0.55696,417,0.39003,0.95534,0.84759,0.04466,0.44304,921,448,1279,862,21,43,104,281,1
178,0.125,0.55443,421,0.39114,0.95534,0.84363,0.04466,0.44557,921,448,1276,855,21,43,107,288,1
179,0.125,0.55342,423,0.39147,0.95394,0.84125,0.04606,0.44658,921,446,1274,851,21,45,109,292,1
180,0.125,0.54989,427,0.39304,0.95394,0.83571,0.04606,0.45011,921,446,1269,842,21,45,114,301,1
181,0.125,0.54433,429,0.39518,0.94976,0.82462,0.05024,0.45567,920,441,1256,827,22,50,127,316,1
182,0.125,0.54079,433,0.39643,0.94557,0.81671,0.05443,0.45921,917,438,1248,815,25,53,135,328,1
183,0.125,0.53675,435,0.39806,0.94278,0.80879,0.05722,0.46325,915,436,1239,804,27,55,144,339,1
184,0.125,0.53574,437,0.39853,0.94278,0.80721,0.05722,0.46426,915,436,1238,801,27,55,145,342,1
185,0.125,0.53372,441,0.39923,0.93999,0.80245,0.06001,0.46628,913,434,1234,793,29,57,149,350,1
186,0.125,0.53271,446,0.39964,0.93929,0.80048,0.06071,0.46729,913,433,1234,788,29,58,149,355,1
187,0.150,0.62086,193,0.36657,0.98255,0.96318,0.01745,0.37914,924,484,1313,1120,18,7,70,23,1
188,0.150,0.61379,244,0.36988,0.98883,0.95566,0.01117,0.38621,935,482,1329,1085,7,9,54,58,1
189,0.150,0.61379,246,0.36988,0.98883,0.95566,0.01117,0.38621,935,482,1330,1084,7,9,53,59,1
190,0.150,0.61329,248,0.36993,0.98744,0.95408,0.01256,0.38671,934,481,1329,1081,8,10,54,62,1
191,0.150,0.61253,249,0.37009,0.98604,0.95210,0.01396,0.38747,933,480,1327,1078,9,11,56,65,1
192,0.150,0.61253,251,0.37036,0.98883,0.95368,0.01117,0.38747,935,482,1330,1079,7,9,53,64,1
193,0.150,0.61253,252,0.37016,0.98674,0.95249,0.01326,0.38747,933,481,1329,1077,9,10,54,66,1
194,0.150,0.61152,253,0.37048,0.98604,0.95051,0.01396,0.38848,933,480,1327,1074,9,11,56,69,1
195,0.150,0.61101,256,0.37087,0.98814,0.95091,0.01186,0.38899,935,481,1329,1073,7,10,54,70,1
196,0.150,0.61051,260,0.37080,0.98535,0.94854,0.01465,0.38949,933,479,1328,1068,9,12,55,75,1
197,0.150,0.61000,262,0.37099,0.98535,0.94774,0.01465,0.39000,933,479,1328,1066,9,12,55,77,1
198,0.150,0.60874,266,0.37141,0.98465,0.94537,0.01535,0.39126,933,478,1327,1061,9,13,56,82,1
199,0.150,0.60773,270,0.37181,0.98465,0.94378,0.01535,0.39227,933,478,1327,1057,9,13,56,86,1
200,0.150,0.60647,273,0.37230,0.98465,0.94181,0.01535,0.39353,933,478,1326,1053,9,13,57,90,1
201,0.150,0.60419,274,0.37318,0.98465,0.93824,0.01535,0.39581,933,478,1322,1048,9,13,61,95,1
202,0.150,0.60192,278,0.37401,0.98395,0.93428,0.01605,0.39808,933,477,1319,1041,9,14,64,102,1
203,0.150,0.60141,280,0.37407,0.98255,0.93270,0.01745,0.39859,932,476,1318,1038,10,15,65,105,1
204,0.150,0.60066,284,0.37430,0.98186,0.93112,0.01814,0.39934,932,475,1318,1034,10,16,65,109,1
205,0.150,0.60066,288,0.37444,0.98325,0.93191,0.01675,0.39934,932,477,1321,1033,10,14,62,110,1
206,0.150,0.59965,289,0.37463,0.98116,0.92914,0.01884,0.40035,932,474,1318,1029,10,17,65,114,1
207,0.150,0.59939,290,0.37473,0.98116,0.92874,0.01884,0.40061,931,475,1318,1028,11,16,65,115,1
208,0.150,0.59914,292,0.37490,0.98186,0.92874,0.01814,0.40086,932,475,1319,1027,10,16,64,116,1
209,0.150,0.59864,293,0.37503,0.98116,0.92755,0.01884,0.40136,931,475,1318,1025,11,16,65,118,1
210,0.150,0.59636,296,0.37567,0.97837,0.92241,0.02163,0.40364,930,472,1313,1017,12,19,70,126,1
211,0.150,0.59434,302,0.37621,0.97558,0.91766,0.02442,0.40566,929,469,1310,1008,13,22,73,135,1
212,0.150,0.59283,308,0.37682,0.97558,0.91528,0.02442,0.40717,929,469,1310,1002,13,22,73,141,1
213,0.150,0.59257,309,0.37692,0.97558,0.91489,0.02442,0.40743,929,469,1310,1001,13,22,73,142,1
214,0.150,0.59106,316,0.37747,0.97488,0.91211,0.02512,0.40894,929,468,1310,994,13,23,73,149,1
215,0.150,0.59030,317,0.37751,0.97209,0.90934,0.02791,0.40970,928,465,1307,990,14,26,76,153,1
216,0.150,0.58879,318,0.37806,0.97139,0.90657,0.02861,0.41121,928,464,1304,986,14,27,79,157,1
217,0.150,0.58702,320,0.37884,0.97209,0.90420,0.02791,0.41298,929,464,1302,982,13,27,81,161,1
218,0.150,0.58676,321,0.37894,0.97209,0.90380,0.02791,0.41324,929,464,1302,981,13,27,81,162,1
219,0.150,0.58550,326,0.37946,0.97209,0.90182,0.02791,0.41450,929,464,1302,976,13,27,81,167,1
220,0.150,0.58500,328,0.37967,0.97209,0.90103,0.02791,0.41500,929,464,1302,974,13,27,81,169,1
221,0.150,0.58424,329,0.37998,0.97209,0.89984,0.02791,0.41576,929,464,1301,972,13,27,82,171,1
222,0.150,0.58272,333,0.38047,0.97069,0.89667,0.02931,0.41728,929,462,1299,966,13,29,84,177,1
223,0.150,0.58222,335,0.38068,0.97069,0.89588,0.02931,0.41778,929,462,1299,964,13,29,84,179,1
224,0.150,0.58171,337,0.38089,0.97069,0.89509,0.02931,0.41829,929,462,1299,962,13,29,84,181,1
225,0.150,0.58146,338,0.38099,0.97069,0.89470,0.02931,0.41854,929,462,1299,961,13,29,84,182,1
226,0.150,0.58070,341,0.38117,0.96930,0.89272,0.03070,0.41930,927,462,1298,957,15,29,85,186,1
227,0.150,0.57893,347,0.38184,0.96860,0.88955,0.03140,0.42107,927,461,1297,950,15,30,86,193,1
228,0.150,0.57868,348,0.38195,0.96860,0.88915,0.03140,0.42132,927,461,1297,949,15,30,86,194,1
229,0.150,0.57818,349,0.38209,0.96790,0.88797,0.03210,0.42182,926,461,1296,947,16,30,87,196,1
230,0.150,0.57717,351,0.38252,0.96790,0.88638,0.03210,0.42283,926,461,1295,944,16,30,88,199,1
231,0.150,0.57540,353,0.38319,0.96720,0.88321,0.03280,0.42460,926,460,1292,939,16,31,91,204,1
232,0.150,0.57489,355,0.38340,0.96720,0.88242,0.03280,0.42511,926,460,1292,937,16,31,91,206,1
233,0.150,0.57363,359,0.38387,0.96650,0.88005,0.03350,0.42637,926,459,1291,932,16,32,92,211,1
234,0.150,0.57312,363,0.38408,0.96650,0.87926,0.03350,0.42688,926,459,1292,929,16,32,91,214,1
235,0.150,0.57060,367,0.38502,0.96511,0.87451,0.03489,0.42940,925,458,1288,921,17,33,95,222,1
236,0.150,0.57035,368,0.38513,0.96511,0.87411,0.03489,0.42965,925,458,1288,920,17,33,95,223,1
237,0.150,0.57009,369,0.38511,0.96371,0.87292,0.03629,0.42991,923,458,1287,918,19,33,96,225,1
238,0.150,0.56858,373,0.38575,0.96371,0.87055,0.03629,0.43142,924,457,1286,913,18,34,97,230,1
239,0.150,0.56833,374,0.38586,0.96371,0.87015,0.03629,0.43167,924,457,1286,912,18,34,97,231,1
240,0.150,0.56807,375,0.38597,0.96371,0.86975,0.03629,0.43193,924,457,1286,911,18,34,97,232,1
241,0.150,0.56706,377,0.38640,0.96371,0.86817,0.03629,0.43294,924,457,1285,908,18,34,98,235,1
242,0.150,0.56353,385,0.38754,0.95953,0.86025,0.04047,0.43647,921,454,1279,894,21,37,104,249,1
243,0.150,0.56252,388,0.38779,0.95743,0.85748,0.04257,0.43748,921,451,1277,889,21,40,106,254,1
244,0.150,0.56075,391,0.38856,0.95743,0.85471,0.04257,0.43925,922,450,1275,884,20,41,108,259,1
245,0.150,0.55948,394,0.38886,0.95464,0.85115,0.04536,0.44052,921,447,1272,878,21,44,111,265,1
246,0.150,0.55923,395,0.38897,0.95464,0.85075,0.04536,0.44077,921,447,1272,877,21,44,111,266,1
247,0.150,0.55898,396,0.38908,0.95464,0.85036,0.04536,0.44102,921,447,1272,876,21,44,111,267,1
248,0.150,0.55873,397,0.38919,0.95464,0.84996,0.04536,0.44127,921,447,1272,875,21,44,111,268,1
249,0.150,0.55721,401,0.38985,0.95464,0.84759,0.04536,0.44279,921,447,1271,870,21,44,112,273,1
250,0.150,0.55090,403,0.39259,0.95394,0.83729,0.04606,0.44910,920,447,1259,856,22,44,124,287,1
251,0.150,0.54812,409,0.39377,0.95324,0.83254,0.04676,0.45188,920,446,1256,847,22,45,127,296,1
252,0.150,0.54584,411,0.39461,0.95115,0.82779,0.04885,0.45416,920,443,1251,840,22,48,132,303,1
253,0.150,0.54458,414,0.39494,0.94836,0.82423,0.05164,0.45542,920,439,1248,834,22,52,135,309,1
254,0.150,0.54408,416,0.39517,0.94836,0.82344,0.05164,0.45592,920,439,1248,832,22,52,135,311,1
255,0.150,0.54382,417,0.39529,0.94836,0.82304,0.05164,0.45618,920,439,1248,831,22,52,135,312,1
256,0.150,0.54105,420,0.39644,0.94696,0.81789,0.05304,0.45895,920,437,1243,823,22,54,140,320,1
257,0.150,0.54079,422,0.39649,0.94627,0.81710,0.05373,0.45921,919,437,1243,821,23,54,140,322,1
258,0.150,0.54054,423,0.39673,0.94766,0.81750,0.05234,0.45946,920,438,1244,821,22,53,139,322,1
259,0.150,0.53776,424,0.39765,0.94348,0.81077,0.05652,0.46224,917,435,1236,812,25,56,147,331,1
260,0.150,0.53498,425,0.39870,0.94068,0.80483,0.05932,0.46502,915,433,1229,804,27,58,154,339,1
261,0.150,0.53347,426,0.39935,0.93999,0.80206,0.06001,0.46653,915,432,1226,800,27,59,157,343,1
262,0.150,0.53246,427,0.40000,0.94208,0.80166,0.05792,0.46754,916,434,1226,799,26,57,157,344,1
263,0.150,0.53094,429,0.40024,0.93650,0.79612,0.06350,0.46906,913,429,1220,791,29,62,163,352,1
264,0.150,0.52690,436,0.40210,0.93580,0.78939,0.06420,0.47310,913,428,1215,779,29,63,168,364,1
265,0.150,0.52387,437,0.40338,0.93371,0.78345,0.06629,0.47613,911,427,1208,771,31,64,175,372,1
266,0.150,0.52311,438,0.40363,0.93231,0.78147,0.06769,0.47689,911,425,1206,768,31,66,177,375,1
267,0.150,0.52286,439,0.40363,0.93091,0.78029,0.06909,0.47714,911,423,1205,766,31,68,178,377,1
268,0.150,0.51149,443,0.40859,0.92324,0.75812,0.07676,0.48851,906,417,1179,736,36,74,204,407,1
269,0.150,0.51074,447,0.40880,0.92114,0.75574,0.07886,0.48926,905,415,1178,731,37,76,205,412,1
270,0.175,0.61505,177,0.36661,0.96092,0.94181,0.03908,0.38495,900,477,1278,1101,42,14,105,42,1
271,0.175,0.61379,187,0.36857,0.97558,0.94814,0.02442,0.38621,915,483,1291,1104,27,8,92,39,1
272,0.175,0.61152,227,0.37061,0.98744,0.95131,0.01256,0.38848,933,482,1315,1088,9,9,68,55,1
273,0.175,0.60950,236,0.37119,0.98535,0.94695,0.01465,0.39050,932,480,1314,1078,10,11,69,65,1
274,0.175,0.60596,241,0.37249,0.98465,0.94101,0.01535,0.39404,932,479,1309,1068,10,12,74,75,1
275,0.175,0.60520,249,0.37259,0.98255,0.93864,0.01745,0.39480,931,477,1310,1061,11,14,73,82,1
276,0.175,0.60419,253,0.37271,0.97976,0.93547,0.02024,0.39581,930,474,1308,1055,12,17,75,88,1
277,0.175,0.60419,255,0.37285,0.98116,0.93626,0.01884,0.39581,930,476,1310,1055,12,15,73,88,1
278,0.175,0.60268,260,0.37324,0.97906,0.93270,0.02094,0.39732,929,474,1308,1048,13,17,75,95,1
279,0.175,0.60015,264,0.37437,0.98046,0.92953,0.01954,0.39985,929,476,1306,1042,13,15,77,101,1
280,0.175,0.59838,269,0.37507,0.98046,0.92676,0.01954,0.40162,929,476,1305,1036,13,15,78,107,1
281,0.175,0.59813,270,0.37503,0.97906,0.92557,0.02094,0.40187,929,474,1304,1034,13,17,79,109,1
282,0.175,0.59813,271,0.37510,0.97976,0.92597,0.02024,0.40187,929,475,1305,1034,13,16,78,109,1
283,0.175,0.59763,273,0.37517,0.97837,0.92439,0.02163,0.40237,928,474,1304,1031,14,17,79,112,1
284,0.175,0.59636,277,0.37574,0.97906,0.92280,0.02094,0.40364,929,474,1304,1027,13,17,79,116,1
285,0.175,0.59459,281,0.37638,0.97837,0.91964,0.02163,0.40541,928,474,1302,1021,14,17,81,122,1
286,0.175,0.59384,283,0.37648,0.97627,0.91726,0.02373,0.40616,928,471,1300,1017,14,20,83,126,1
287,0.175,0.59106,289,0.37753,0.97558,0.91251,0.02442,0.40894,928,470,1297,1008,14,21,86,135,1
288,0.175,0.59005,296,0.37761,0.97209,0.90895,0.02791,0.40995,926,467,1296,1000,16,24,87,143,1
289,0.175,0.58803,302,0.37830,0.97069,0.90499,0.02931,0.41197,925,466,1294,992,17,25,89,151,1
290,0.175,0.58601,307,0.37906,0.96999,0.90143,0.03001,0.41399,925,465,1292,985,17,26,91,158,1
291,0.175,0.58550,309,0.37913,0.96860,0.89984,0.03140,0.41450,925,463,1291,982,17,28,92,161,1
292,0.175,0.58298,311,0.38030,0.96999,0.89667,0.03001,0.41702,925,465,1288,977,17,26,95,166,1
293,0.175,0.58222,313,0.38055,0.96930,0.89509,0.03070,0.41778,925,464,1287,974,17,27,96,169,1
294,0.175,0.58095,316,0.38094,0.96790,0.89232,0.03210,0.41905,925,462,1285,969,17,29,98,174,1
295,0.175,0.57994,318,0.38136,0.96790,0.89074,0.03210,0.42006,925,462,1284,966,17,29,99,177,1
296,0.175,0.57969,319,0.38133,0.96650,0.88955,0.03350,0.42031,925,460,1283,964,17,31,100,179,1
297,0.175,0.57742,321,0.38247,0.96860,0.88717,0.03140,0.42258,926,462,1281,960,16,29,102,183,1
298,0.175,0.57666,323,0.38234,0.96371,0.88321,0.03629,0.42334,924,457,1277,954,18,34,106,189,1
299,0.175,0.57540,325,0.38306,0.96581,0.88242,0.03419,0.42460,925,459,1277,952,17,32,106,191,1
300,0.175,0.57413,327,0.38366,0.96650,0.88084,0.03350,0.42587,925,460,1276,949,17,31,107,194,1
301,0.175,0.57262,329,0.38378,0.96092,0.87530,0.03908,0.42738,920,457,1270,941,22,34,113,202,1
302,0.175,0.57186,331,0.38429,0.96301,0.87530,0.03699,0.42814,924,456,1271,940,18,35,112,203,1
303,0.175,0.56934,332,0.38505,0.95953,0.86936,0.04047,0.43066,920,455,1264,932,22,36,119,211,1
304,0.175,0.56630,334,0.38634,0.95953,0.86461,0.04047,0.43370,920,455,1259,925,22,36,124,218,1
305,0.175,0.56454,339,0.38711,0.95953,0.86184,0.04047,0.43546,920,455,1258,919,22,36,125,224,1
306,0.175,0.56176,345,0.38825,0.95883,0.85709,0.04117,0.43824,920,454,1255,910,22,37,128,233,1
307,0.175,0.55873,351,0.38932,0.95604,0.85075,0.04396,0.44127,919,451,1250,899,23,40,133,244,1
308,0.175,0.55873,357,0.38932,0.95604,0.85075,0.04396,0.44127,919,451,1253,896,23,40,130,247,1
309,0.175,0.55469,361,0.39084,0.95324,0.84283,0.04676,0.44531,919,447,1245,884,23,44,138,259,1
310,0.175,0.55241,365,0.39179,0.95255,0.83888,0.04745,0.44759,918,447,1242,877,24,44,141,266,1
311,0.175,0.55216,367,0.39184,0.95185,0.83808,0.04815,0.44784,918,446,1242,875,24,45,141,268,1
312,0.175,0.55216,369,0.39184,0.95185,0.83808,0.04815,0.44784,918,446,1243,874,24,45,140,269,1
313,0.175,0.55039,384,0.39263,0.95185,0.83531,0.04815,0.44961,918,446,1247,863,24,45,136,280,1
314,0.175,0.55039,387,0.39245,0.94976,0.83413,0.05024,0.44961,916,445,1247,860,26,46,136,283,1
315,0.175,0.54635,391,0.39402,0.94696,0.82621,0.05304,0.45365,917,440,1239,848,25,51,144,295,1
316,0.175,0.54559,392,0.39436,0.94696,0.82502,0.05304,0.45441,917,440,1238,846,25,51,145,297,1
317,0.175,0.54458,394,0.39482,0.94696,0.82344,0.05304,0.45542,917,440,1237,843,25,51,146,300,1
318,0.175,0.54433,395,0.39494,0.94696,0.82304,0.05304,0.45567,917,440,1237,842,25,51,146,301,1
319,0.175,0.54408,396,0.39505,0.94696,0.82264,0.05304,0.45592,917,440,1237,841,25,51,146,302,1
320,0.175,0.54382,397,0.39517,0.94696,0.82225,0.05304,0.45618,917,440,1237,840,25,51,146,303,1
321,0.175,0.54180,400,0.39615,0.94766,0.81948,0.05234,0.45820,918,440,1235,835,24,51,148,308,1
322,0.175,0.54079,401,0.39655,0.94696,0.81750,0.05304,0.45921,918,439,1233,832,24,52,150,311,1
323,0.175,0.53928,407,0.39713,0.94557,0.81433,0.05443,0.46072,918,437,1232,825,24,54,151,318,1
324,0.175,0.53852,410,0.39748,0.94557,0.81314,0.05443,0.46148,918,437,1232,822,24,54,151,321,1
325,0.175,0.53827,411,0.39759,0.94557,0.81275,0.05443,0.46173,918,437,1232,821,24,54,151,322,1
326,0.175,0.52741,415,0.40203,0.93789,0.79137,0.06211,0.47259,916,428,1207,792,26,63,176,351,1
327,0.175,0.52614,418,0.40252,0.93650,0.78860,0.06350,0.47386,914,428,1205,787,28,63,178,356,1
328,0.175,0.52235,424,0.40417,0.93440,0.78147,0.06560,0.47765,912,427,1199,775,30,64,184,368,1
329,0.175,0.52185,426,0.40441,0.93440,0.78068,0.06560,0.47815,912,427,1199,773,30,64,184,370,1
330,0.175,0.52185,427,0.40435,0.93371,0.78029,0.06629,0.47815,911,427,1199,772,31,64,184,371,1
331,0.175,0.52059,428,0.40462,0.92952,0.77593,0.07048,0.47941,910,422,1194,766,32,69,189,377,1
332,0.175,0.51831,430,0.40567,0.92882,0.77197,0.07118,0.48169,909,422,1190,760,33,69,193,383,1
333,0.175,0.51250,432,0.40825,0.92533,0.76089,0.07467,0.48750,906,420,1177,745,36,71,206,398,1
334,0.175,0.51099,434,0.40889,0.92394,0.75772,0.07606,0.48901,906,418,1174,740,36,73,209,403,1
335,0.175,0.50922,435,0.40967,0.92254,0.75416,0.07746,0.49078,905,417,1170,735,37,74,213,408,1
336,0.175,0.50644,440,0.41063,0.91696,0.74663,0.08304,0.49356,900,414,1163,723,42,77,220,420,1
337,0.175,0.50417,444,0.41151,0.91347,0.74109,0.08653,0.49583,899,410,1158,714,43,81,225,429,1
338,0.175,0.49962,452,0.41352,0.90928,0.73159,0.09072,0.50038,897,406,1150,698,45,85,233,445,1
339,0.175,0.49912,453,0.41384,0.90998,0.73120,0.09002,0.50088,897,407,1150,697,45,84,233,446,1
340,0.175,0.49331,456,0.41677,0.90858,0.72130,0.09142,0.50669,897,405,1139,683,45,86,244,460,1
341,0.175,0.48800,457,0.41876,0.89742,0.70665,0.10258,0.51200,893,393,1121,664,49,98,262,479,1
342,0.175,0.48649,459,0.41947,0.89602,0.70348,0.10398,0.51351,892,392,1118,659,50,99,265,484,1
343,0.200,0.60394,123,0.36438,0.89812,0.88876,0.10188,0.39606,828,459,1184,1061,114,32,199,82,1
344,0.200,0.60091,184,0.37319,0.97139,0.92557,0.02861,0.39909,915,477,1261,1077,27,14,122,66,1
345,0.200,0.59535,231,0.37574,0.97488,0.91884,0.02512,0.40465,923,474,1276,1045,19,17,107,98,1
346,0.200,0.59131,244,0.37730,0.97418,0.91211,0.02582,0.40869,923,473,1274,1030,19,18,109,113,1
347,0.200,0.58676,251,0.37908,0.97348,0.90459,0.02652,0.41324,924,471,1268,1017,18,20,115,126,1
348,0.200,0.58575,258,0.37955,0.97418,0.90340,0.02582,0.41425,923,473,1270,1012,19,18,113,131,1
349,0.200,0.58399,261,0.38028,0.97418,0.90063,0.02582,0.41601,923,473,1268,1007,19,18,115,136,1
350,0.200,0.57893,264,0.38230,0.97348,0.89232,0.02652,0.42107,925,470,1259,995,17,21,124,148,1
351,0.200,0.57439,278,0.38381,0.96930,0.88282,0.03070,0.42561,923,466,1254,976,19,25,129,167,1
352,0.200,0.57338,282,0.38423,0.96930,0.88124,0.03070,0.42662,923,466,1254,972,19,25,129,171,1
353,0.200,0.57136,287,0.38489,0.96720,0.87688,0.03280,0.42864,922,464,1251,964,20,27,132,179,1
354,0.200,0.56782,293,0.38627,0.96581,0.87055,0.03419,0.43218,921,463,1246,953,21,28,137,190,1
355,0.200,0.56555,297,0.38705,0.96371,0.86580,0.03629,0.43445,921,460,1242,945,21,31,141,198,1
356,0.200,0.56327,303,0.38784,0.96162,0.86105,0.03838,0.43673,920,458,1239,936,22,33,144,207,1
357,0.200,0.56125,308,0.38828,0.95673,0.85511,0.04327,0.43875,916,455,1234,926,26,36,149,217,1
358,0.200,0.55620,315,0.38980,0.94906,0.84283,0.05094,0.44380,913,447,1222,907,29,44,161,236,1
359,0.200,0.54989,320,0.39261,0.94906,0.83294,0.05094,0.45011,914,446,1212,892,28,45,171,251,1
360,0.200,0.54761,325,0.39339,0.94627,0.82779,0.05373,0.45239,912,444,1208,883,30,47,175,260,1
361,0.200,0.54711,329,0.39337,0.94348,0.82542,0.05652,0.45289,912,440,1207,878,30,51,176,265,1
362,0.200,0.54408,341,0.39462,0.94208,0.81987,0.05792,0.45592,911,439,1206,865,31,52,177,278,1
363,0.200,0.54307,344,0.39502,0.94138,0.81789,0.05862,0.45693,910,439,1205,861,32,52,178,282,1
364,0.200,0.53953,356,0.39665,0.94138,0.81235,0.05862,0.46047,910,439,1204,848,32,52,179,295,1
365,0.200,0.53700,359,0.39776,0.94068,0.80800,0.05932,0.46300,909,439,1200,841,33,52,183,302,1
366,0.200,0.53322,364,0.39929,0.93789,0.80048,0.06211,0.46678,908,436,1193,829,34,55,190,314,1
367,0.200,0.53145,373,0.40000,0.93650,0.79691,0.06350,0.46855,908,434,1193,820,34,57,190,323,1
368,0.200,0.53094,376,0.40006,0.93440,0.79493,0.06560,0.46906,907,432,1192,816,35,59,191,327,1
369,0.200,0.53069,381,0.40030,0.93580,0.79533,0.06420,0.46931,908,433,1195,814,34,58,188,329,1
370,0.200,0.52539,384,0.40212,0.92742,0.78226,0.07258,0.47461,903,426,1180,796,39,65,203,347,1
371,0.200,0.52488,386,0.40236,0.92742,0.78147,0.07258,0.47512,903,426,1180,794,39,65,203,349,1
372,0.200,0.52134,391,0.40402,0.92673,0.77553,0.07327,0.47866,903,425,1175,784,39,66,208,359,1
373,0.200,0.51831,396,0.40555,0.92742,0.77118,0.07258,0.48169,904,425,1172,776,38,66,211,367,1
374,0.200,0.51680,406,0.40618,0.92603,0.76801,0.07397,0.48320,903,424,1173,767,39,67,210,376,1
375,0.200,0.51579,408,0.40680,0.92742,0.76722,0.07258,0.48421,906,423,1173,765,36,68,210,378,1
376,0.200,0.51452,409,0.40731,0.92603,0.76445,0.07397,0.48548,903,424,1170,761,39,67,213,382,1
377,0.200,0.51074,410,0.40896,0.92324,0.75693,0.07676,0.48926,906,417,1161,751,36,74,222,392,1
378,0.200,0.50947,414,0.40965,0.92394,0.75534,0.07606,0.49053,907,417,1161,747,35,74,222,396,1
379,0.200,0.50947,415,0.40960,0.92324,0.75495,0.07676,0.49053,907,416,1161,746,35,75,222,397,1
380,0.200,0.50366,419,0.41248,0.92254,0.74545,0.07746,0.49634,906,416,1151,732,36,75,232,411,1
381,0.200,0.50265,420,0.41337,0.92742,0.74663,0.07258,0.49735,909,420,1153,733,33,71,230,410,1
382,0.200,0.50215,421,0.41358,0.92673,0.74545,0.07327,0.49785,908,420,1152,731,34,71,231,412,1
383,0.200,0.50189,422,0.41360,0.92533,0.74426,0.07467,0.49811,907,419,1151,729,35,72,232,414,1
384,0.200,0.50038,427,0.41356,0.91486,0.73595,0.08514,0.49962,899,412,1143,716,43,79,240,427,1
385,0.200,0.50013,428,0.41380,0.91626,0.73634,0.08374,0.49987,900,413,1144,716,42,78,239,427,1
386,0.200,0.49861,431,0.41421,0.91137,0.73120,0.08863,0.50139,899,407,1139,708,43,84,244,435,1
387,0.200,0.49760,433,0.41495,0.91417,0.73120,0.08583,0.50240,900,410,1140,707,42,81,243,436,1
388,0.200,0.49659,434,0.41499,0.90789,0.72605,0.09211,0.50341,897,404,1134,700,45,87,249,443,1
389,0.200,0.49507,437,0.41573,0.90719,0.72328,0.09281,0.50493,897,403,1132,695,45,88,251,448,1
390,0.200,0.49230,439,0.41778,0.91486,0.72328,0.08514,0.50770,900,411,1133,694,42,80,250,449,1
391,0.200,0.48977,441,0.41839,0.90509,0.71378,0.09491,0.51023,894,403,1122,681,48,88,261,462,1
392,0.200,0.48472,445,0.42090,0.90230,0.70428,0.09770,0.51528,893,400,1112,667,49,91,271,476,1
393,0.200,0.48472,446,0.42085,0.90161,0.70388,0.09839,0.51528,892,400,1112,666,50,91,271,477,1
394,0.200,0.48245,447,0.42167,0.89602,0.69715,0.10398,0.51755,892,392,1104,657,50,99,279,486,1
395,0.200,0.48143,448,0.42208,0.89393,0.69438,0.10607,0.51857,890,391,1101,653,52,100,282,490,1
396,0.200,0.47790,451,0.42398,0.89323,0.68844,0.10677,0.52210,889,391,1095,644,53,100,288,499,1
397,0.200,0.46805,460,0.42886,0.88346,0.66746,0.11654,0.53195,884,382,1073,613,58,109,310,530,1
398,0.200,0.46729,463,0.42920,0.88207,0.66548,0.11793,0.53271,882,382,1072,609,60,109,311,534,1
399,0.225,0.56630,91,0.37820,0.87648,0.81750,0.12352,0.43370,809,447,1078,987,133,44,305,156,1
400,0.225,0.56403,101,0.37639,0.84997,0.79889,0.15003,0.43597,784,434,1048,970,158,57,335,173,1
401,0.225,0.56353,109,0.37570,0.84159,0.79335,0.15841,0.43647,774,432,1037,967,168,59,346,176,1
402,0.225,0.55519,212,0.38929,0.93859,0.83531,0.06141,0.44481,890,455,1161,949,52,36,222,194,1
403,0.225,0.55443,223,0.38976,0.93999,0.83492,0.06001,0.44557,893,454,1166,943,49,37,217,200,1
404,0.225,0.54888,229,0.39213,0.93859,0.82542,0.06141,0.45112,891,454,1157,928,51,37,226,215,1
405,0.225,0.54433,248,0.39401,0.93650,0.81710,0.06350,0.45567,893,449,1156,908,49,42,227,235,1
406,0.225,0.53726,278,0.39666,0.92952,0.80206,0.07048,0.46274,894,438,1152,874,48,53,231,269,1
407,0.225,0.53599,286,0.39744,0.93161,0.80127,0.06839,0.46401,899,436,1155,869,43,55,228,274,1
408,0.225,0.52968,300,0.40024,0.92952,0.79018,0.07048,0.47032,899,433,1148,848,43,58,235,295,1
409,0.225,0.52539,306,0.40200,0.92603,0.78147,0.07397,0.47461,897,430,1140,834,45,61,243,309,1
410,0.225,0.52387,310,0.40261,0.92463,0.77831,0.07537,0.47613,897,428,1138,828,45,63,245,315,1
411,0.225,0.51604,336,0.40604,0.91975,0.76326,0.08025,0.48396,893,425,1132,796,49,66,251,347,1
412,0.225,0.51427,339,0.40703,0.92114,0.76128,0.07886,0.48573,894,426,1131,792,48,65,252,351,1
413,0.225,0.51149,345,0.40825,0.91905,0.75574,0.08095,0.48851,892,425,1127,782,50,66,256,361,1
414,0.225,0.50846,355,0.40988,0.92045,0.75178,0.07955,0.49154,894,425,1127,772,48,66,256,371,1
415,0.225,0.50695,360,0.41048,0.91835,0.74822,0.08165,0.49305,893,423,1125,765,49,68,258,378,1
416,0.225,0.50518,365,0.41149,0.91975,0.74624,0.08025,0.49482,895,423,1125,760,47,68,258,383,1
417,0.225,0.50417,368,0.41173,0.91626,0.74268,0.08374,0.49583,892,421,1122,754,50,70,261,389,1
418,0.225,0.50392,371,0.41186,0.91626,0.74228,0.08374,0.49608,893,420,1123,752,49,71,260,391,1
419,0.225,0.49836,375,0.41450,0.91347,0.73199,0.08653,0.50164,892,417,1112,737,50,74,271,406,1
420,0.225,0.49811,379,0.41458,0.91277,0.73120,0.08723,0.50189,892,416,1113,734,50,75,270,409,1
421,0.225,0.49129,385,0.41790,0.90928,0.71853,0.09072,0.50871,891,412,1100,715,51,79,283,428,1
422,0.225,0.49002,388,0.41857,0.90928,0.71655,0.09072,0.50998,891,412,1099,711,51,79,284,432,1
423,0.225,0.48851,393,0.41932,0.90858,0.71378,0.09142,0.51149,890,412,1098,705,52,79,285,438,1
424,0.225,0.48775,395,0.41978,0.90928,0.71298,0.09072,0.51225,891,412,1098,703,51,79,285,440,1
425,0.225,0.48674,396,0.42037,0.90998,0.71180,0.09002,0.51326,891,413,1097,701,51,78,286,442,1
426,0.225,0.48548,400,0.42028,0.89951,0.70388,0.10049,0.51452,887,402,1089,689,55,89,294,454,1
427,0.225,0.48497,402,0.42045,0.89812,0.70230,0.10188,0.51503,887,400,1088,686,55,91,295,457,1
428,0.225,0.47664,406,0.42468,0.89323,0.68646,0.10677,0.52336,884,396,1070,664,58,95,313,479,1
429,0.225,0.47613,408,0.42497,0.89323,0.68567,0.10677,0.52387,884,396,1070,662,58,95,313,481,1
430,0.225,0.47588,409,0.42511,0.89323,0.68527,0.10677,0.52412,884,396,1070,661,58,95,313,482,1
431,0.225,0.47588,410,0.42506,0.89253,0.68488,0.10747,0.52412,883,396,1070,660,59,95,313,483,1
432,0.225,0.47108,417,0.42805,0.89672,0.67973,0.10328,0.52892,887,398,1067,650,55,93,316,493,1
433,0.225,0.46982,420,0.42838,0.89114,0.67458,0.10886,0.53018,885,392,1062,642,57,99,321,501,1
434,0.225,0.46956,421,0.42862,0.89253,0.67498,0.10747,0.53044,885,394,1063,642,57,97,320,501,1
435,0.225,0.46552,423,0.43093,0.89253,0.66865,0.10747,0.53448,885,394,1056,633,57,97,327,510,1
436,0.225,0.46426,428,0.43147,0.88974,0.66508,0.11026,0.53574,883,392,1054,626,59,99,329,517,1
437,0.225,0.46274,436,0.43253,0.89253,0.66429,0.10747,0.53726,887,392,1057,621,55,99,326,522,1
438,0.225,0.46274,437,0.43193,0.88346,0.65914,0.11654,0.53726,885,381,1051,614,57,110,332,529,1
439,0.225,0.46274,440,0.43179,0.88137,0.65796,0.11863,0.53726,884,379,1051,611,58,112,332,532,1
440,0.225,0.46274,443,0.43175,0.88067,0.65756,0.11933,0.53726,883,379,1052,609,59,112,331,534,1
441,0.225,0.46249,446,0.43171,0.87788,0.65558,0.12212,0.53751,880,378,1051,605,62,113,332,538,1
442,0.225,0.46123,450,0.43231,0.87579,0.65241,0.12421,0.53877,876,379,1049,599,66,112,334,544,1
443,0.225,0.45921,452,0.43332,0.87299,0.64766,0.12701,0.54079,874,377,1044,592,68,114,339,551,1
444,0.225,0.45820,454,0.43401,0.87439,0.64687,0.12561,0.54180,876,377,1044,590,66,114,339,553,1
445,0.225,0.45744,455,0.43447,0.87439,0.64568,0.12561,0.54256,876,377,1043,588,66,114,340,555,1
446,0.225,0.45693,456,0.43472,0.87369,0.64450,0.12631,0.54307,875,377,1042,586,67,114,341,557,1
447,0.225,0.45668,458,0.43483,0.87299,0.64371,0.12701,0.54332,874,377,1042,584,68,114,341,559,1
448,0.225,0.45390,461,0.43623,0.86881,0.63698,0.13119,0.54610,873,372,1035,574,69,119,348,569,1
449,0.225,0.45112,464,0.43783,0.86741,0.63183,0.13259,0.54888,872,371,1030,566,70,120,353,577,1
450,0.225,0.45011,468,0.43845,0.86741,0.63025,0.13259,0.54989,872,371,1030,562,70,120,353,581,1
451,0.225,0.45011,470,0.43836,0.86602,0.62945,0.13398,0.54989,870,371,1030,560,72,120,353,583,1
452,0.250,0.49432,91,0.40555,0.78507,0.65281,0.21493,0.50568,745,380,870,779,197,111,513,364,1
453,0.250,0.48573,106,0.41142,0.79414,0.64450,0.20586,0.51427,752,386,867,761,190,105,516,382,1
454,0.250,0.48118,124,0.41486,0.80251,0.64212,0.19749,0.51882,763,387,873,749,179,104,510,394,1
455,0.250,0.47967,172,0.41870,0.83740,0.65954,0.16260,0.52033,804,396,919,747,138,95,464,396,1
456,0.250,0.47891,200,0.42042,0.85345,0.66746,0.14655,0.52109,819,404,943,743,123,87,440,400,1
457,0.250,0.47436,230,0.42419,0.86881,0.66904,0.13119,0.52564,840,405,960,730,102,86,423,413,1
458,0.250,0.46451,320,0.43024,0.87369,0.65637,0.12631,0.53549,850,402,989,669,92,89,394,474,1
459,0.250,0.45996,339,0.43287,0.87299,0.64885,0.12701,0.54004,854,397,989,650,88,94,394,493,1
460,0.250,0.45693,354,0.43463,0.87230,0.64371,0.12770,0.54307,856,394,990,636,86,97,393,507,1
461,0.250,0.45643,360,0.43502,0.87369,0.64371,0.12631,0.54357,857,395,993,633,85,96,390,510,1
462,0.250,0.45567,363,0.43548,0.87369,0.64252,0.12631,0.54433,857,395,993,630,85,96,390,513,1
463,0.250,0.45239,370,0.43737,0.87230,0.63658,0.12770,0.54761,859,391,989,619,83,100,394,524,1
464,0.250,0.44885,382,0.43952,0.87230,0.63104,0.12770,0.55115,863,387,988,606,79,104,395,537,1
465,0.250,0.44734,391,0.44032,0.87020,0.62747,0.12980,0.55266,862,385,988,597,80,106,395,546,1
466,0.250,0.44632,397,0.44095,0.87020,0.62589,0.12980,0.55368,864,383,989,592,78,108,394,551,1
467,0.250,0.44582,400,0.44122,0.86950,0.62470,0.13050,0.55418,863,383,989,589,79,108,394,554,1
468,0.250,0.44304,407,0.44286,0.86811,0.61956,0.13189,0.55696,863,381,986,579,79,110,397,564,1
469,0.250,0.44127,413,0.44393,0.86741,0.61639,0.13259,0.55873,862,381,985,572,80,110,398,571,1
470,0.250,0.44077,422,0.44413,0.86532,0.61441,0.13468,0.55923,864,376,987,565,78,115,396,578,1
471,0.250,0.44052,423,0.44429,0.86532,0.61401,0.13468,0.55948,864,376,987,564,78,115,396,579,1
472,0.250,0.43041,434,0.45035,0.85764,0.59382,0.14236,0.56959,860,369,967,533,82,122,416,610,1
473,0.275,0.42612,101,0.44164,0.67062,0.48100,0.32938,0.57388,657,304,658,557,285,187,725,586,1
474,0.275,0.42309,107,0.44409,0.67062,0.47625,0.32938,0.57691,659,302,655,548,283,189,728,595,1
475,0.275,0.41576,124,0.44897,0.65387,0.45527,0.34613,0.58424,649,288,637,513,293,203,746,630,1
476,0.275,0.40667,166,0.45776,0.66923,0.44972,0.33077,0.59333,664,295,651,485,278,196,732,658,1
477,0.275,0.39151,233,0.47293,0.71319,0.45091,0.28681,0.60849,713,309,686,453,229,182,697,690,1
478,0.275,0.39000,256,0.47488,0.73203,0.45922,0.26797,0.61000,732,317,708,452,210,174,675,691,1
479,0.275,0.38621,324,0.47938,0.77879,0.47981,0.22121,0.61379,784,332,768,444,158,159,615,699,1
480,0.300,0.34832,171,0.51954,0.50105,0.26287,0.49895,0.65168,499,219,416,248,443,272,967,895,1
481,0.300,0.34226,173,0.53033,0.47592,0.23911,0.52408,0.65774,480,202,388,216,462,289,995,927,1
482,0.300,0.34024,186,0.53525,0.45569,0.22447,0.54431,0.65976,459,194,366,201,483,297,1017,942,1
483,0.300,0.33342,189,0.54284,0.49965,0.23872,0.50035,0.66658,507,209,396,207,435,282,987,936,1
484,0.300,0.33241,193,0.54279,0.51779,0.24743,0.48221,0.66759,526,216,409,216,416,275,974,927,1
485,0.300,0.33089,209,0.54428,0.52756,0.25059,0.47244,0.66911,538,218,421,212,404,273,962,931,1
486,0.300,0.33013,249,0.53987,0.59525,0.28781,0.40475,0.66987,613,240,488,239,329,251,895,904,1
487,0.325,0.31599,169,0.59619,0.39358,0.15123,0.60642,0.68401,423,141,275,107,519,350,1108,1036,1
488,0.325,0.31498,171,0.59769,0.39707,0.15162,0.60293,0.68502,431,138,277,106,511,353,1106,1037,1
489,0.325,0.31195,177,0.60185,0.40823,0.15321,0.59177,0.68805,441,144,282,105,501,347,1101,1038,1
490,0.325,0.31068,187,0.59826,0.43126,0.16429,0.56874,0.68932,463,155,301,114,479,336,1082,1029,1
491,0.325,0.30765,195,0.59659,0.46336,0.17775,0.53664,0.69235,494,170,322,127,448,321,1061,1016,1
492,0.350,0.31220,165,0.61853,0.35869,0.12549,0.64131,0.68780,400,114,241,76,542,377,1142,1067,1
493,0.350,0.30967,168,0.62762,0.35520,0.11956,0.64480,0.69033,398,111,235,67,544,380,1148,1076,1
494,0.350,0.30917,175,0.62455,0.36567,0.12470,0.63433,0.69083,410,114,245,70,532,377,1138,1073,1
495,0.350,0.30639,208,0.60870,0.42987,0.15677,0.57013,0.69361,480,136,302,94,462,355,1081,1049,1
496,0.350,0.30639,213,0.60476,0.44313,0.16429,0.55687,0.69361,496,139,314,101,446,352,1069,1042,1
497,0.375,0.30816,164,0.63636,0.34682,0.11243,0.65318,0.69184,394,103,224,60,548,388,1159,1083,1
498,0.375,0.30740,174,0.63235,0.36008,0.11876,0.63992,0.69260,412,104,237,63,530,387,1146,1080,1
499,0.375,0.30715,178,0.63478,0.35659,0.11639,0.64341,0.69285,407,104,236,58,535,387,1147,1085,1
500,0.375,0.30639,199,0.61677,0.40544,0.14291,0.59456,0.69361,459,122,280,81,483,369,1103,1062,1
501,0.400,0.30664,161,0.64858,0.33357,0.10253,0.66643,0.69336,385,93,210,49,557,398,1173,1094,1
502,0.400,0.30563,162,0.64926,0.33845,0.10372,0.66155,0.69437,390,95,212,50,552,396,1171,1093,1
503,0.400,0.30361,173,0.63866,0.37125,0.11916,0.62875,0.69639,428,104,237,64,514,387,1146,1079,1
504,0.400,0.30235,189,0.63440,0.38870,0.12708,0.61130,0.69765,448,109,255,66,494,382,1128,1077,1
505,0.425,0.30563,161,0.64652,0.34334,0.10649,0.65666,0.69437,397,95,215,54,545,396,1168,1089,1
506,0.425,0.30487,165,0.64487,0.35101,0.10966,0.64899,0.69513,406,97,221,56,536,394,1162,1087,1
507,0.425,0.30134,173,0.64599,0.37055,0.11520,0.62945,0.69866,429,102,232,59,513,389,1151,1084,1
508,0.425,0.30134,182,0.64085,0.38102,0.12114,0.61898,0.69866,441,105,244,62,501,386,1139,1081,1
509,0.425,0.30134,186,0.63889,0.38521,0.12352,0.61479,0.69866,442,110,249,63,500,381,1134,1080,1
510,0.450,0.30892,161,0.64463,0.32659,0.10214,0.67341,0.69108,379,89,209,49,563,402,1174,1094,1
511,0.450,0.30791,162,0.64658,0.32938,0.10214,0.67062,0.69209,381,91,210,48,561,400,1173,1095,1
512,0.450,0.30538,166,0.64660,0.34473,0.10689,0.65527,0.69462,399,95,218,52,543,396,1165,1091,1
513,0.450,0.30487,171,0.64340,0.35380,0.11124,0.64620,0.69513,409,98,226,55,533,393,1157,1088,1
514,0.450,0.30462,181,0.63961,0.36288,0.11599,0.63712,0.69538,419,101,237,56,523,390,1146,1087,1
515,0.450,0.30210,212,0.62179,0.42219,0.14568,0.57781,0.69790,482,123,290,78,460,368,1093,1065,1
516,0.450,0.30184,216,0.62118,0.42568,0.14727,0.57432,0.69816,485,125,294,78,457,366,1089,1065,1
517,0.450,0.30159,223,0.61750,0.43824,0.15400,0.56176,0.69841,498,130,306,83,444,361,1077,1060,1
518,0.475,0.30639,161,0.65537,0.32380,0.09660,0.67620,0.69361,377,87,201,43,565,404,1182,1100,1
519,0.475,0.30614,165,0.65199,0.33077,0.10016,0.66923,0.69386,385,89,209,44,557,402,1174,1099,1
520,0.475,0.30563,169,0.65129,0.33496,0.10174,0.66504,0.69437,389,91,213,44,553,400,1170,1099,1
521,0.475,0.30563,174,0.64537,0.34543,0.10768,0.65457,0.69437,399,96,223,49,543,395,1160,1094,1
522,0.475,0.30260,205,0.62381,0.41312,0.14133,0.58688,0.69740,472,120,281,76,470,371,1102,1067,1
523,0.475,0.30210,206,0.62487,0.41382,0.14093,0.58618,0.69790,473,120,281,75,469,371,1102,1068,1
524,0.500,0.31068,162,0.64356,0.31752,0.09976,0.68248,0.68932,372,83,207,45,570,408,1176,1098,1
525,0.500,0.30942,162,0.64648,0.32031,0.09937,0.67969,0.69058,374,85,204,47,568,406,1179,1096,1
526,0.500,0.30816,164,0.64690,0.32729,0.10135,0.67271,0.69184,380,89,210,46,562,402,1173,1097,1
527,0.500,0.30765,165,0.64746,0.32938,0.10174,0.67062,0.69235,384,88,211,46,558,403,1172,1097,1
528,0.500,0.30740,166,0.64674,0.33217,0.10293,0.66783,0.69260,387,89,213,47,555,402,1170,1096,1
529,0.500,0.30715,169,0.64682,0.33357,0.10333,0.66643,0.69285,388,90,215,46,554,401,1168,1097,1
530,0.500,0.30664,182,0.63705,0.35520,0.11481,0.64480,0.69336,411,98,236,54,531,393,1147,1089,1
531,0.500,0.30589,207,0.62118,0.39707,0.13737,0.60293,0.69411,456,113,277,70,486,378,1106,1073,1
532,0.500,0.30412,214,0.62220,0.40684,0.14014,0.59316,0.69588,467,116,284,70,475,375,1099,1073,1
533,0.500,0.30386,215,0.62131,0.41103,0.14212,0.58897,0.69614,471,118,287,72,471,373,1096,1071,1
534,0.500,0.30311,223,0.61756,0.42708,0.15004,0.57292,0.69689,488,124,301,78,454,367,1082,1065,1
535,0.500,0.30311,224,0.61592,0.43196,0.15281,0.56804,0.69689,493,126,305,81,449,365,1078,1062,1
536,0.525,0.30993,166,0.64110,0.32659,0.10372,0.67341,0.69007,380,88,214,48,562,403,1169,1095,1
537,0.525,0.30942,172,0.65430,0.30775,0.09224,0.69225,0.69058,360,81,191,42,582,410,1192,1101,1
538,0.525,0.30942,179,0.63577,0.33985,0.11045,0.66015,0.69058,397,90,229,50,545,401,1154,1093,1
539,0.525,0.30917,181,0.63554,0.34194,0.11124,0.65806,0.69083,399,91,231,50,543,400,1152,1093,1
540,0.525,0.30892,182,0.63566,0.34334,0.11164,0.65666,0.69108,401,91,232,50,541,400,1151,1093,1
541,0.525,0.30866,194,0.62635,0.36497,0.12352,0.63503,0.69134,421,102,253,59,521,389,1130,1084,1
542,0.525,0.30816,196,0.62255,0.37753,0.12985,0.62247,0.69184,436,105,262,66,506,386,1121,1077,1
543,0.525,0.30765,197,0.62662,0.37125,0.12549,0.62875,0.69235,428,104,257,60,514,387,1126,1083,1
544,0.525,0.30715,204,0.62150,0.38730,0.13381,0.61270,0.69285,445,110,271,67,497,381,1112,1076,1
545,0.525,0.30639,206,0.62115,0.39358,0.13618,0.60642,0.69361,452,112,275,69,490,379,1108,1074,1
546,0.525,0.30589,208,0.62092,0.39777,0.13777,0.60223,0.69411,457,113,278,70,485,378,1105,1073,1
547,0.525,0.30513,210,0.62162,0.40126,0.13856,0.59874,0.69487,460,115,280,70,482,376,1103,1073,1
548,0.525,0.30437,213,0.62102,0.40823,0.14133,0.59177,0.69563,467,118,285,72,475,373,1098,1071,1
549,0.525,0.30386,221,0.61687,0.42359,0.14925,0.57641,0.69614,485,122,299,78,457,369,1084,1065,1
550,0.525,0.30285,229,0.61516,0.43615,0.15479,0.56385,0.69715,497,128,310,81,445,363,1073,1062,1
551,0.550,0.31119,165,0.63900,0.32240,0.10333,0.67760,0.68881,375,87,213,48,567,404,1170,1095,1
552,0.550,0.31094,166,0.64067,0.32100,0.10214,0.67900,0.68906,373,87,212,46,569,404,1171,1097,1
553,0.550,0.31068,168,0.64356,0.31752,0.09976,0.68248,0.68932,369,86,209,43,573,405,1174,1100,1
554,0.550,0.31043,179,0.63247,0.33985,0.11203,0.66015,0.68957,397,90,231,52,545,401,1152,1091,1
555,0.550,0.31018,181,0.63158,0.34334,0.11362,0.65666,0.68982,401,91,234,53,541,400,1149,1090,1
556,0.550,0.30993,183,0.63138,0.34543,0.11441,0.65457,0.69007,402,93,236,53,540,398,1147,1090,1
557,0.550,0.30993,194,0.62592,0.35729,0.12114,0.64271,0.69007,415,97,250,56,527,394,1133,1087,1
558,0.550,0.30967,196,0.62395,0.36357,0.12431,0.63643,0.69033,419,102,255,59,523,389,1128,1084,1
559,0.550,0.30892,197,0.62441,0.36776,0.12549,0.63224,0.69108,422,105,257,60,520,386,1126,1083,1
560,0.550,0.30816,200,0.62485,0.37195,0.12668,0.62805,0.69184,429,104,260,60,513,387,1123,1083,1
561,0.550,0.30816,202,0.62544,0.37055,0.12589,0.62945,0.69184,431,100,260,58,511,391,1123,1085,1
562,0.550,0.30816,205,0.62227,0.37823,0.13025,0.62177,0.69184,435,107,267,62,507,384,1116,1081,1
563,0.550,0.30740,206,0.62329,0.38102,0.13064,0.61898,0.69260,439,107,268,62,503,384,1115,1081,1
564,0.550,0.30437,213,0.61900,0.41382,0.14450,0.58618,0.69563,475,118,289,76,467,373,1094,1067,1
565,0.550,0.30386,224,0.61569,0.42708,0.15123,0.57292,0.69614,487,125,303,79,455,366,1080,1064,1
566,0.550,0.30361,230,0.61470,0.43196,0.15360,0.56804,0.69639,494,125,309,79,448,366,1074,1064,1
567,0.575,0.31144,167,0.64085,0.31752,0.10095,0.68248,0.68856,370,85,211,44,572,406,1172,1099,1
568,0.575,0.31094,168,0.64225,0.31821,0.10055,0.68179,0.68906,370,86,211,43,572,405,1172,1100,1
569,0.575,0.31068,173,0.63923,0.32519,0.10412,0.67481,0.68932,379,87,218,45,563,404,1165,1098,1
570,0.575,0.30816,205,0.62284,0.37683,0.12945,0.62317,0.69184,437,103,266,61,505,388,1117,1082,1
571,0.575,0.30487,220,0.61649,0.41731,0.14727,0.58269,0.69513,477,121,296,76,465,370,1087,1067,1
572,0.575,0.30462,222,0.61499,0.42359,0.15044,0.57641,0.69538,484,123,301,79,458,368,1082,1064,1
573,0.575,0.30462,223,0.61665,0.41870,0.14766,0.58130,0.69538,477,123,298,75,465,368,1085,1068,1
574,0.600,0.31144,166,0.64205,0.31542,0.09976,0.68458,0.68856,369,83,209,43,573,408,1174,1100,1
575,0.600,0.31068,169,0.64562,0.31403,0.09778,0.68597,0.68932,366,84,208,39,576,407,1175,1104,1
576,0.600,0.30942,200,0.62322,0.36706,0.12589,0.63294,0.69058,426,100,259,59,516,391,1124,1084,1
577,0.600,0.30942,206,0.62037,0.37404,0.12985,0.62596,0.69058,434,102,267,61,508,389,1116,1082,1
578,0.600,0.30942,208,0.61872,0.37823,0.13222,0.62177,0.69058,438,104,271,63,504,387,1112,1080,1
579,0.600,0.30942,209,0.61954,0.37613,0.13104,0.62387,0.69058,437,102,270,61,505,389,1113,1082,1
580,0.600,0.30538,219,0.61789,0.40963,0.14371,0.59037,0.69462,471,116,291,72,471,375,1092,1071,1
581,0.600,0.30513,235,0.61084,0.43266,0.15637,0.56734,0.69487,496,124,315,80,446,367,1068,1063,1
582,0.625,0.31094,167,0.64470,0.31403,0.09818,0.68597,0.68906,367,83,207,41,575,408,1176,1102,1
583,0.625,0.30993,168,0.64631,0.31752,0.09857,0.68248,0.69007,369,86,208,41,573,405,1175,1102,1
584,0.625,0.30942,207,0.61954,0.37613,0.13104,0.62387,0.69058,436,103,269,62,506,388,1114,1081,1
585,0.625,0.30664,229,0.61162,0.41870,0.15083,0.58130,0.69336,479,121,305,76,463,370,1078,1067,1
586,0.625,0.30664,233,0.60896,0.42708,0.15558,0.57292,0.69336,489,123,313,80,453,368,1070,1063,1
587,0.625,0.30639,241,0.60763,0.43336,0.15875,0.56664,0.69361,496,125,321,80,446,366,1062,1063,1
588,0.650,0.30993,167,0.64631,0.31752,0.09857,0.68248,0.69007,371,84,208,41,571,407,1175,1102,1
589,0.650,0.30993,218,0.61521,0.38381,0.13618,0.61619,0.69007,441,109,281,63,501,382,1102,1080,1
590,0.650,0.30993,219,0.61758,0.37753,0.13262,0.62247,0.69007,436,105,277,58,506,386,1106,1085,1
591,0.650,0.30993,223,0.61394,0.38730,0.13816,0.61270,0.69007,446,109,286,63,496,382,1097,1080,1
592,0.650,0.30664,232,0.61049,0.42219,0.15281,0.57781,0.69336,484,121,309,77,458,370,1074,1066,1
593,0.650,0.30614,235,0.61017,0.42708,0.15479,0.57292,0.69386,490,122,313,78,452,369,1070,1065,1
594,0.675,0.31169,167,0.64358,0.31124,0.09778,0.68876,0.68831,365,81,207,40,577,410,1176,1103,1
595,0.675,0.31018,168,0.64877,0.31193,0.09580,0.68807,0.68982,365,82,205,37,577,409,1178,1106,1
596,0.675,0.30993,184,0.63239,0.34334,0.11322,0.65666,0.69007,401,91,235,51,541,400,1148,1092,1
597,0.675,0.30690,231,0.61168,0.41661,0.15004,0.58339,0.69310,478,119,305,74,464,372,1078,1069,1
598,0.700,0.30993,167,0.64971,0.31193,0.09541,0.68807,0.69007,366,81,204,37,576,410,1179,1106,1
599,0.700,0.30993,192,0.63038,0.34752,0.11560,0.65248,0.69007,405,93,242,50,537,398,1141,1093,1
600,0.700,0.30993,204,0.62470,0.36008,0.12272,0.63992,0.69007,418,98,257,53,524,393,1126,1090,1
601,0.725,0.31169,166,0.64483,0.30914,0.09660,0.69086,0.68831,365,78,205,39,577,413,1178,1104,1
602,0.725,0.31119,170,0.64502,0.31193,0.09739,0.68807,0.68881,367,80,208,38,575,411,1175,1105,1
603,0.725,0.31119,171,0.64978,0.30426,0.09303,0.69574,0.68881,358,78,199,36,584,413,1184,1107,1
604,0.725,0.30967,188,0.63151,0.34682,0.11481,0.65318,0.69033,406,91,239,51,536,400,1144,1092,1
605,0.725,0.30917,193,0.63079,0.35171,0.11679,0.64829,0.69083,411,93,244,51,531,398,1139,1092,1
606,0.750,0.31195,168,0.64348,0.30984,0.09739,0.69016,0.68805,365,79,207,39,577,412,1176,1104,1
607,0.750,0.30993,172,0.65512,0.30356,0.09066,0.69644,0.69007,357,78,193,36,585,413,1190,1107,1
608,0.750,0.30993,195,0.62811,0.35241,0.11837,0.64759,0.69007,411,94,247,52,531,397,1136,1091,1
609,0.775,0.31271,167,0.64402,0.30426,0.09541,0.69574,0.68729,360,76,202,39,582,415,1181,1104,1
610,0.775,0.31068,168,0.65127,0.30495,0.09264,0.69505,0.68932,360,77,197,37,582,414,1186,1106,1
611,0.950,0.34352,356,0.70166,0.08863,0.02138,0.91137,0.65648,111,16,47,7,831,475,1336,1136,1
612,0.950,0.34276,358,0.71839,0.08723,0.01940,0.91277,0.65724,109,16,42,7,833,475,1341,1136,1
613,0.975,0.34908,393,0.77419,0.05024,0.00831,0.94976,0.65092,65,7,17,4,877,484,1366,1139,1
614,0.975,0.34908,398,0.82278,0.04536,0.00554,0.95464,0.65092,59,6,11,3,883,485,1372,1140,1
