0.025,7,0,1,2,3,4,5,6
0.05,5,7,8,9,10,11
0.07500000000000001,9,12,13,14,15,16,17,18,19,20
0.1,8,21,22,23,24,25,26,27,28
0.125,6,29,30,31,32,33,34
0.17500000000000002,8,35,36,37,38,39,40,41,42
0.2,6,43,44,45,46,47,48
0.225,6,49,50,51,52,53,54
0.25,12,55,56,57,58,59,60,61,62,63,64,65,66
0.275,12,67,68,69,70,71,72,73,74,75,76,77,78
0.30000000000000004,9,79,80,81,82,83,84,85,86,87
0.325,11,88,89,90,91,92,93,94,95,96,97,98
0.35000000000000003,14,99,100,101,102,103,104,105,106,107,108,109,110,111,112
0.375,9,113,114,115,116,117,118,119,120,121
0.4,11,122,123,124,125,126,127,128,129,130,131,132
0.42500000000000004,8,133,134,135,136,137,138,139,140
0.45,9,141,142,143,144,145,146,147,148,149
0.47500000000000003,14,150,151,152,153,154,155,156,157,158,159,160,161,162,163
0.5,14,164,165,166,167,168,169,170,171,172,173,174,175,176,177
0.525,15,178,179,180,181,182,183,184,185,186,187,188,189,190,191,192
0.55,15,193,194,195,196,197,198,199,200,201,202,203,204,205,206,207
0.5750000000000001,15,208,209,210,211,212,213,214,215,216,217,218,219,220,221,222
0.6000000000000001,14,223,224,225,226,227,228,229,230,231,232,233,234,235,236
0.625,10,237,238,239,240,241,242,243,244,245,246
0.65,3,247,248,249
0.675,9,250,251,252,253,254,255,256,257,258
0.7000000000000001,7,259,260,261,262,263,264,265
0.7250000000000001,3,266,267,268
0.75,2,269,270
0.775,4,271,272,273,274
0.8,4,275,276,277,278
0.8250000000000001,2,279,280
0.875,3,281,282,283
0.9,4,284,285,286,287
0.925,2,288,289
0.9500000000000001,2,290,291
0.9750000000000001,2,292,293
