0.125,2,0,1
0.15000000000000002,3,2,3,4
0.17500000000000002,3,5,6,7
0.2,7,8,9,10,11,12,13,14
0.225,7,15,16,17,18,19,20,21
0.25,5,22,23,24,25,26
0.275,8,27,28,29,30,31,32,33,34
0.30000000000000004,12,35,36,37,38,39,40,41,42,43,44,45,46
0.325,9,47,48,49,50,51,52,53,54,55
0.35000000000000003,8,56,57,58,59,60,61,62,63
0.375,12,64,65,66,67,68,69,70,71,72,73,74,75
0.4,13,76,77,78,79,80,81,82,83,84,85,86,87,88
0.42500000000000004,7,89,90,91,92,93,94,95
0.45,9,96,97,98,99,100,101,102,103,104
0.47500000000000003,15,105,106,107,108,109,110,111,112,113,114,115,116,117,118,119
0.5,7,120,121,122,123,124,125,126
0.525,6,127,128,129,130,131,132
0.55,6,133,134,135,136,137,138
0.5750000000000001,6,139,140,141,142,143,144
0.6000000000000001,7,145,146,147,148,149,150,151
0.625,7,152,153,154,155,156,157,158
0.65,6,159,160,161,162,163,164
0.675,6,165,166,167,168,169,170
0.7000000000000001,7,171,172,173,174,175,176,177
0.7250000000000001,9,178,179,180,181,182,183,184,185,186
0.75,7,187,188,189,190,191,192,193
0.775,9,194,195,196,197,198,199,200,201,202
0.8,6,203,204,205,206,207,208
0.8250000000000001,6,209,210,211,212,213,214
0.8500000000000001,4,215,216,217,218
0.875,3,219,220,221
